gender,SeniorCitizen,Partner,Dependents,tenure,PhoneService,MultipleLines,InternetService,OnlineSecurity,OnlineBackup,DeviceProtection,TechSupport,StreamingTV,StreamingMovies,Contract,PaperlessBilling,PaymentMethod,MonthlyCharges,TotalCharges,Churn
Female,0,Yes,No,3,Yes,Yes,Fiber optic,Yes,Yes,Yes,No,No,No,Month-to-month,No,Electronic check,133.04,435.69,1
Male,0,Yes,Yes,27,Yes,No,DSL,Yes,Yes,Yes,No,Yes,Yes,Month-to-month,Yes,Electronic check,149.71,4251.06,0
Female,0,No,No,13,Yes,Yes,Fiber optic,Yes,Yes,No,No,No,No,Month-to-month,Yes,Electronic check,88.3,1179.8,1
Male,0,Yes,Yes,23,Yes,Yes,DSL,No,No,Yes,Yes,Yes,Yes,Month-to-month,Yes,Electronic check,152.32,3684.86,1
Male,0,No,Yes,14,Yes,No,Fiber optic,Yes,Yes,No,Yes,No,No,Month-to-month,No,Credit card (automatic),89.1,1303.31,1
Male,1,Yes,No,21,Yes,Yes,DSL,Yes,No,No,Yes,No,No,Month-to-month,Yes,Electronic check,87.07,1878.65,1
Female,0,Yes,Yes,24,Yes,No,DSL,No internet service,No internet service,No internet service,No internet service,No internet service,No internet service,One year,No,Mailed check,28.64,753.43,0
Male,1,Yes,No,26,Yes,Yes,DSL,Yes,No,No,No,Yes,Yes,Month-to-month,Yes,Credit card (automatic),146.09,4104.76,1
Female,0,Yes,No,19,Yes,No,DSL,,No,Yes,Yes,Yes,Yes,Month-to-month,Yes,Bank transfer (automatic),145.07,2837.18,1
Male,0,No,No,7,Yes,No,Fiber optic,No,Yes,Yes,No,Yes,Yes,Month-to-month,No,Mailed check,146.88,1067.88,1
Female,1,Yes,Yes,19,Yes,No,DSL,Yes,No,Yes,Yes,Yes,Yes,Month-to-month,Yes,Bank transfer (automatic),151.52,2620.7,0
Male,0,No,No,1,Yes,No,Fiber optic,No,No,Yes,No,Yes,No,Month-to-month,Yes,Credit card (automatic),123.03,127.21,1
Male,0,No,No,2,Yes,No,Fiber optic,No,No,Yes,No,No,No,Month-to-month,Yes,Mailed check,108.6,197.4,1
Female,0,Yes,No,8,Yes,Yes,Fiber optic,Yes,No,No,Yes,Yes,Yes,Month-to-month,Yes,Electronic check,114.84,934.94,1
Female,0,Yes,No,12,Yes,No,Fiber optic,No internet service,No internet service,No internet service,No internet service,No internet service,No internet service,One year,No,Mailed check,28.13,371.27,1
Male,0,No,No,7,Yes,No,Fiber optic,No internet service,No internet service,No internet service,No internet service,No internet service,No internet service,One year,No,Electronic check,29.07,205.76,1
Female,0,No,No,12,Yes,No,Fiber optic,No internet service,No internet service,No internet service,No internet service,No internet service,No internet service,One year,No,Mailed check,30.38,362.61,1
Male,0,Yes,No,19,Yes,Yes,DSL,Yes,Yes,No,No,Yes,No,Month-to-month,Yes,Electronic check,136.08,2488.75,1
Male,0,Yes,Yes,22,Yes,No,DSL,No internet service,No internet service,No internet service,No internet service,No internet service,No internet service,One year,No,Electronic check,28.06,570.47,1
Female,0,No,No,1,Yes,No,Fiber optic,No internet service,No internet service,No internet service,No internet service,No internet service,No internet service,One year,No,Electronic check,30.3,31.7,0
Male,0,No,No,12,Yes,Yes,Fiber optic,Yes,Yes,Yes,Yes,No,No,Month-to-month,Yes,Electronic check,137.75,1551.37,1
Female,0,No,Yes,5,Yes,No,Fiber optic,No,No,Yes,Yes,No,No,Month-to-month,No,Electronic check,77.5,357.68,1
Female,0,No,No,2,Yes,Yes,Fiber optic,No,No,No,No,No,No,Month-to-month,Yes,Electronic check,108.6,213.8,1
Female,0,No,No,28,Yes,No,DSL,Yes,Yes,Yes,Yes,No,Yes,Month-to-month,Yes,Electronic check,105.85,3138.87,1
Male,0,No,Yes,3,No,No phone service,Fiber optic,Yes,No,No,Yes,No,Yes,One year,Yes,Electronic check,64.6,203.3,1
Male,0,Yes,No,19,Yes,Yes,DSL,Yes,No,No,No,No,No,Month-to-month,Yes,Bank transfer (automatic),80.26,1389.18,0
Female,0,Yes,Yes,22,Yes,Yes,DSL,No,No,Yes,No,Yes,Yes,Month-to-month,Yes,Electronic check,144.71,3155.06,1
Male,0,Yes,No,4,Yes,No,Fiber optic,No internet service,No internet service,No internet service,No internet service,No internet service,No internet service,One year,No,Electronic check,28.42,114.19,1
Female,0,No,No,20,Yes,Yes,DSL,No,Yes,No,No,No,No,Month-to-month,Yes,Mailed check,116.29,2393.04,1
Female,0,Yes,Yes,3,Yes,No,Fiber optic,No internet service,No internet service,No internet service,No internet service,No internet service,No internet service,One year,Yes,Electronic check,28.78,88.93,1
Female,1,No,No,10,Yes,No,Fiber optic,No,No,No,No,No,Yes,Month-to-month,Yes,Electronic check,114.26,1111.68,1
Female,0,No,No,10,Yes,No,Fiber optic,No,Yes,Yes,No,Yes,Yes,Month-to-month,Yes,Bank transfer (automatic),144.28,1460.31,1
Male,0,No,No,1,No,No phone service,Fiber optic,,No,Yes,No,Yes,Yes,One year,Yes,Bank transfer (automatic),71.41,71.14,1
Male,0,No,No,1,Yes,No,Fiber optic,No internet service,No internet service,No internet service,No internet service,No internet service,No internet service,One year,No,Electronic check,29.29,31.55,1
Female,0,Yes,Yes,28,Yes,No,DSL,No internet service,No internet service,No internet service,No internet service,No internet service,No internet service,One year,Yes,Electronic check,29.22,823.11,0
Female,0,Yes,Yes,26,Yes,No,DSL,Yes,No,No,No,Yes,No,Month-to-month,Yes,Credit card (automatic),86.64,2226.07,1
Female,0,No,No,1,Yes,No,Fiber optic,Yes,No,No,No,No,No,One year,Yes,Mailed check,70.47,69.12,0
Female,0,Yes,No,7,No,No phone service,Fiber optic,No,No,Yes,No,Yes,No,One year,Yes,Electronic check,56.62,402.08,1
Male,0,No,No,20,Yes,Yes,DSL,Yes,Yes,No,No,Yes,No,Month-to-month,Yes,Bank transfer (automatic),137.46,2916.34,1
Male,0,Yes,Yes,28,Yes,Yes,DSL,No,Yes,No,No,Yes,Yes,Month-to-month,No,Electronic check,142.54,4021.77,1
Male,0,Yes,No,22,Yes,Yes,DSL,Yes,Yes,Yes,Yes,Yes,No,Month-to-month,Yes,Electronic check,149.42,3393.52,1
Male,0,No,No,1,Yes,No,Fiber optic,No,No,No,No,No,No,Month-to-month,Yes,Electronic check,101.93,106.78,1
Female,0,No,No,15,Yes,No,DSL,Yes,No,Yes,Yes,Yes,No,Month-to-month,Yes,Bank transfer (automatic),138.55,2086.63,1
Female,1,No,No,2,Yes,No,Fiber optic,No,Yes,No,No,Yes,No,Month-to-month,Yes,Electronic check,122.82,242.04,1
Male,0,No,No,12,Yes,No,Fiber optic,Yes,Yes,Yes,Yes,Yes,No,Month-to-month,Yes,Mailed check,105.05,1355.56,1
Female,0,Yes,Yes,9,Yes,Yes,Fiber optic,Yes,Yes,Yes,No,No,No,Month-to-month,No,Electronic check,93.31,825.93,1
Female,0,Yes,Yes,28,Yes,Yes,DSL,Yes,Yes,Yes,Yes,Yes,No,Month-to-month,No,Electronic check,153.84,4274.73,0
Female,1,Yes,No,14,Yes,Yes,Fiber optic,No,Yes,No,No,Yes,No,Month-to-month,Yes,Electronic check,133.33,2049.68,1
Male,0,Yes,Yes,28,Yes,Yes,DSL,Yes,Yes,Yes,Yes,Yes,Yes,Month-to-month,Yes,Mailed check,168.27,4240.63,0
Male,0,No,No,9,Yes,No,Fiber optic,Yes,No,No,Yes,No,No,Month-to-month,No,Electronic check,79.68,672.01,1
Male,0,No,No,16,Yes,Yes,DSL,No,Yes,No,No,Yes,No,Month-to-month,Yes,Electronic check,129.34,2021.41,1
Male,0,No,Yes,19,Yes,Yes,DSL,Yes,No,Yes,No,Yes,Yes,Month-to-month,Yes,Bank transfer (automatic),114.19,2357.32,0
Male,0,No,No,2,Yes,No,Fiber optic,No,No,Yes,No,Yes,Yes,Month-to-month,No,Electronic check,139.92,255.78,1
Male,0,No,No,1,Yes,No,Fiber optic,No internet service,No internet service,No internet service,No internet service,No internet service,No internet service,One year,No,Credit card (automatic),28.64,25.83,0
Male,1,Yes,No,24,Yes,Yes,DSL,Yes,Yes,Yes,No,No,No,Month-to-month,Yes,Electronic check,129.2,2823.39,1
Female,0,No,No,17,Yes,Yes,DSL,No,Yes,Yes,No,Yes,Yes,Month-to-month,Yes,Mailed check,151.67,2366.21,1
Female,0,No,No,2,Yes,No,Fiber optic,No,No,Yes,Yes,No,Yes,Month-to-month,No,Electronic check,91.06,165.28,1
Female,0,Yes,Yes,6,Yes,No,Fiber optic,No,No,No,No,No,No,One year,No,Credit card (automatic),67.13,401.15,0
Male,0,Yes,No,4,Yes,No,Fiber optic,No internet service,No internet service,No internet service,No internet service,No internet service,No internet service,One year,No,Electronic check,28.71,116.69,1
Female,1,Yes,No,24,Yes,No,DSL,Yes,Yes,Yes,Yes,Yes,Yes,Month-to-month,Yes,Electronic check,159.5,3653.2,1
Male,0,No,Yes,10,Yes,No,Fiber optic,No internet service,No internet service,No internet service,No internet service,No internet service,No internet service,One year,No,Electronic check,30.16,295.46,0
Female,0,No,No,12,Yes,No,Fiber optic,No internet service,No internet service,No internet service,No internet service,No internet service,No internet service,One year,No,Electronic check,30.3,333.91,0
Male,0,No,No,1,Yes,No,Fiber optic,No internet service,No internet service,No internet service,No internet service,No internet service,No internet service,One year,Yes,Electronic check,28.78,27.84,1
Female,1,No,No,1,No,No phone service,Fiber optic,No,No,No,No,No,No,One year,Yes,Credit card (automatic),37.26,37.43,1
Male,0,No,Yes,14,Yes,No,Fiber optic,No,No,No,Yes,Yes,Yes,Month-to-month,Yes,Electronic check,104.54,1531.55,1
Male,1,Yes,No,26,Yes,Yes,DSL,No,No,No,No,Yes,Yes,Month-to-month,Yes,Bank transfer (automatic),137.24,3213.8,1
Female,0,Yes,No,12,Yes,No,Fiber optic,No,Yes,Yes,Yes,No,Yes,Month-to-month,No,Mailed check,101.86,1214.33,1
Male,1,Yes,No,16,Yes,Yes,DSL,No,No,Yes,No,Yes,Yes,Month-to-month,Yes,Mailed check,144.71,2221.36,0
Female,1,No,No,11,Yes,Yes,Fiber optic,No,Yes,Yes,No,Yes,Yes,Month-to-month,Yes,Electronic check,153.92,1812.59,1
Male,0,Yes,Yes,14,Yes,No,Fiber optic,No internet service,No internet service,No internet service,No internet service,No internet service,No internet service,One year,No,Electronic check,28.71,419.27,0
Male,1,Yes,No,12,Yes,Yes,Fiber optic,No,No,No,Yes,Yes,Yes,Month-to-month,Yes,Bank transfer (automatic),147.17,1797.51,1
Male,1,Yes,No,5,Yes,Yes,Fiber optic,No,No,No,No,Yes,Yes,Month-to-month,Yes,Credit card (automatic),138.11,659.79,1
Female,0,Yes,Yes,17,No,No phone service,DSL,Yes,No,Yes,Yes,Yes,Yes,Month-to-month,Yes,Electronic check,87.58,1611.05,1
Female,0,Yes,Yes,28,Yes,Yes,DSL,No internet service,No internet service,No internet service,No internet service,No internet service,No internet service,One year,No,Electronic check,36.54,930.04,0
Female,0,Yes,Yes,28,No,No phone service,DSL,Yes,Yes,No,Yes,Yes,Yes,Month-to-month,No,Electronic check,86.56,2234.37,1
Male,0,Yes,Yes,28,Yes,No,DSL,No internet service,No internet service,No internet service,No internet service,No internet service,No internet service,One year,No,Credit card (automatic),28.2,772.49,0
Male,0,No,No,16,Yes,No,DSL,No internet service,No internet service,No internet service,No internet service,No internet service,No internet service,One year,Yes,Electronic check,28.35,419.53,0
Male,1,Yes,No,5,Yes,No,Fiber optic,No,No,No,No,No,No,Month-to-month,No,Electronic check,102.15,557.37,1
Male,0,No,No,4,Yes,Yes,Fiber optic,No internet service,No internet service,No internet service,No internet service,No internet service,No internet service,One year,No,Bank transfer (automatic),36.18,153.35,0
Female,0,No,No,1,Yes,No,Fiber optic,No,No,No,No,Yes,No,Month-to-month,No,Electronic check,113.17,107.71,1
Female,1,No,No,17,Yes,No,DSL,Yes,Yes,No,Yes,Yes,Yes,Month-to-month,Yes,Electronic check,156.82,2713.16,1
Female,1,No,No,1,Yes,Yes,Fiber optic,No,No,No,No,No,No,Month-to-month,Yes,Mailed check,107.59,117.97,1
Male,0,Yes,Yes,25,Yes,Yes,DSL,No internet service,No internet service,No internet service,No internet service,No internet service,No internet service,One year,Yes,Credit card (automatic),35.96,968.08,1
Female,0,Yes,Yes,14,Yes,No,Fiber optic,No internet service,No internet service,No internet service,No internet service,No internet service,No internet service,One year,No,Electronic check,29.36,419.33,0
Male,0,No,Yes,28,Yes,Yes,DSL,No internet service,No internet service,No internet service,No internet service,No internet service,No internet service,One year,No,Electronic check,35.31,1068.51,1
Male,0,Yes,No,20,Yes,No,DSL,Yes,No,No,No,Yes,No,Month-to-month,No,Electronic check,121.94,2677.4,1
Male,0,Yes,Yes,17,Yes,No,DSL,No,No,Yes,No,Yes,Yes,Month-to-month,Yes,Electronic check,134.78,2402.78,1
Female,1,Yes,No,7,No,No phone service,Fiber optic,No,No,Yes,No,Yes,Yes,One year,Yes,Mailed check,70.11,448.07,1
Female,0,Yes,No,28,Yes,Yes,DSL,No,Yes,Yes,Yes,Yes,Yes,Month-to-month,Yes,Electronic check,159.72,4384.13,1
Female,0,No,No,10,Yes,Yes,Fiber optic,No,Yes,No,No,Yes,Yes,Month-to-month,Yes,Electronic check,145.36,1551.81,1
Male,0,No,No,14,Yes,Yes,Fiber optic,No,No,No,No,No,Yes,Month-to-month,Yes,Electronic check,122.89,1627.75,1
Male,0,Yes,No,21,Yes,Yes,DSL,Yes,Yes,Yes,No,Yes,Yes,Month-to-month,No,Electronic check,158.85,3556.44,1
Female,0,No,No,21,No,No phone service,DSL,Yes,Yes,Yes,Yes,Yes,No,Month-to-month,Yes,Electronic check,77.72,1508.19,0
Female,0,Yes,No,17,Yes,Yes,DSL,Yes,Yes,Yes,Yes,No,No,Month-to-month,Yes,Bank transfer (automatic),137.89,2131.73,1
Male,0,No,No,3,Yes,No,Fiber optic,,No,No,No,No,Yes,Month-to-month,Yes,Electronic check,79.39,232.65,1
Female,1,Yes,Yes,22,Yes,Yes,DSL,Yes,No,Yes,Yes,Yes,No,Month-to-month,No,Bank transfer (automatic),110.56,2206.96,0
Female,0,No,Yes,3,No,No phone service,Fiber optic,Yes,No,No,No,No,Yes,One year,Yes,Bank transfer (automatic),55.82,182.77,1
Female,0,Yes,Yes,23,Yes,Yes,DSL,No,Yes,Yes,No,Yes,Yes,Month-to-month,Yes,Electronic check,153.92,3771.12,1
Female,0,Yes,Yes,27,Yes,Yes,DSL,Yes,Yes,Yes,Yes,No,Yes,Month-to-month,Yes,Electronic check,113.75,3256.0,1
Female,0,No,No,1,Yes,No,Fiber optic,No,No,No,No,No,No,One year,Yes,Electronic check,64.45,66.12,1
Female,0,Yes,Yes,4,Yes,No,Fiber optic,No internet service,No internet service,No internet service,No internet service,No internet service,No internet service,One year,Yes,Electronic check,29.0,109.42,1
Male,0,Yes,No,14,Yes,No,Fiber optic,No internet service,No internet service,No internet service,No internet service,No internet service,No internet service,One year,No,Electronic check,29.0,407.48,1
Male,0,No,No,1,Yes,No,Fiber optic,No,No,No,No,No,No,One year,Yes,Electronic check,65.25,66.52,1
Male,1,No,No,10,Yes,Yes,Fiber optic,No,Yes,Yes,No,Yes,Yes,Month-to-month,No,Electronic check,153.63,1543.99,1
Male,0,Yes,No,6,Yes,No,Fiber optic,No internet service,No internet service,No internet service,No internet service,No internet service,No internet service,One year,Yes,Bank transfer (automatic),28.2,161.09,1
Male,0,Yes,Yes,4,Yes,No,Fiber optic,No internet service,No internet service,No internet service,No internet service,No internet service,No internet service,One year,Yes,Electronic check,29.07,116.63,1
Male,0,No,Yes,1,No,No phone service,Fiber optic,No,No,No,No,No,No,One year,No,Bank transfer (automatic),35.89,35.83,0
Male,0,Yes,Yes,12,Yes,Yes,Fiber optic,Yes,No,No,No,Yes,Yes,Month-to-month,Yes,Electronic check,144.35,1904.15,1
Female,0,No,No,1,Yes,No,Fiber optic,No,No,No,No,No,No,One year,Yes,Bank transfer (automatic),65.83,71.06,1
Female,1,Yes,No,26,Yes,Yes,DSL,No,Yes,Yes,No,Yes,No,Month-to-month,Yes,Electronic check,102.73,2651.42,1
Male,0,No,No,1,Yes,No,Fiber optic,No internet service,No internet service,No internet service,No internet service,No internet service,No internet service,One year,Yes,Electronic check,28.71,29.42,1
Female,0,No,No,1,Yes,No,Fiber optic,,No,No,No,No,No,Month-to-month,Yes,Mailed check,101.93,106.98,1
Female,0,Yes,Yes,4,Yes,No,Fiber optic,No internet service,No internet service,No internet service,No internet service,No internet service,No internet service,One year,Yes,Electronic check,29.14,105.72,1
Female,0,No,No,16,Yes,No,DSL,No,No,No,No,No,No,Month-to-month,No,Electronic check,101.86,1758.49,1
Male,0,Yes,No,28,Yes,Yes,DSL,No,Yes,Yes,No,Yes,Yes,Month-to-month,Yes,Credit card (automatic),154.14,4626.78,1
Male,1,Yes,No,28,No,No phone service,DSL,No,Yes,Yes,No,Yes,Yes,Month-to-month,Yes,Electronic check,75.83,2105.16,0
Female,0,No,No,1,Yes,No,Fiber optic,No internet service,No internet service,No internet service,No internet service,No internet service,No internet service,One year,No,Electronic check,28.49,27.87,1
Male,0,No,No,1,Yes,No,Fiber optic,No internet service,No internet service,No internet service,No internet service,No internet service,No internet service,One year,Yes,Mailed check,28.78,27.47,1
Male,0,No,No,20,Yes,No,DSL,,No,No,No,Yes,No,Month-to-month,No,Bank transfer (automatic),125.21,2492.52,1
Male,0,No,No,4,Yes,Yes,Fiber optic,No internet service,No internet service,No internet service,No internet service,No internet service,No internet service,One year,No,Mailed check,36.25,131.79,1
Female,0,No,No,1,Yes,No,Fiber optic,No,Yes,No,No,No,No,One year,Yes,Electronic check,70.47,75.43,1
Female,0,No,No,26,Yes,No,DSL,No internet service,No internet service,No internet service,No internet service,No internet service,No internet service,One year,No,Mailed check,29.8,702.81,0
Male,0,Yes,No,28,Yes,No,DSL,Yes,Yes,Yes,Yes,No,No,Month-to-month,No,Electronic check,94.18,2546.88,1
Male,1,Yes,No,23,Yes,Yes,DSL,No,Yes,No,No,Yes,Yes,Month-to-month,Yes,Mailed check,143.4,3582.89,1
Female,0,Yes,Yes,23,Yes,Yes,DSL,Yes,Yes,No,Yes,No,No,Month-to-month,No,Credit card (automatic),94.98,2287.31,1
Female,0,No,Yes,17,Yes,No,DSL,Yes,Yes,No,No,No,Yes,Month-to-month,Yes,Mailed check,92.73,1507.49,0
Male,0,Yes,No,3,Yes,No,Fiber optic,Yes,Yes,No,Yes,Yes,No,Month-to-month,Yes,Bank transfer (automatic),99.98,285.1,1
Male,0,Yes,No,28,Yes,Yes,DSL,Yes,Yes,Yes,Yes,Yes,Yes,Month-to-month,No,Electronic check,165.74,4181.36,1
Female,0,Yes,Yes,2,Yes,No,Fiber optic,Yes,No,No,No,No,No,One year,Yes,Mailed check,71.63,148.87,1
Female,1,No,No,1,Yes,Yes,Fiber optic,No,No,No,No,Yes,Yes,Month-to-month,Yes,Bank transfer (automatic),136.08,123.8,1
Male,0,Yes,No,9,Yes,No,Fiber optic,Yes,No,No,Yes,Yes,Yes,Month-to-month,No,Electronic check,107.88,977.25,1
Female,0,Yes,No,25,Yes,Yes,DSL,No,Yes,Yes,Yes,Yes,Yes,Month-to-month,Yes,Bank transfer (automatic),157.69,4306.61,1
Female,0,Yes,Yes,28,Yes,Yes,DSL,Yes,Yes,Yes,Yes,Yes,No,Month-to-month,No,Electronic check,153.84,3971.08,1
Male,1,Yes,No,26,Yes,Yes,DSL,No,No,No,No,Yes,Yes,Month-to-month,Yes,Mailed check,137.24,3849.76,1
Male,0,No,No,20,Yes,Yes,DSL,No internet service,No internet service,No internet service,No internet service,No internet service,No internet service,One year,No,Bank transfer (automatic),35.89,788.36,0
Male,0,No,No,25,Yes,Yes,DSL,Yes,No,Yes,Yes,No,Yes,Month-to-month,Yes,Mailed check,104.26,2377.92,1
Female,0,No,No,21,Yes,No,DSL,Yes,Yes,Yes,Yes,No,Yes,Month-to-month,No,Electronic check,144.28,3261.91,1
Male,0,No,No,6,Yes,No,Fiber optic,No internet service,No internet service,No internet service,No internet service,No internet service,No internet service,One year,No,Electronic check,28.64,172.39,1
Female,1,Yes,No,2,Yes,No,Fiber optic,No,No,No,No,No,No,Month-to-month,No,Electronic check,101.57,219.66,1
Male,0,Yes,Yes,25,Yes,No,DSL,Yes,Yes,No,No,No,No,Month-to-month,No,Credit card (automatic),117.52,2979.91,1
Male,0,No,No,1,Yes,No,Fiber optic,No internet service,No internet service,No internet service,No internet service,No internet service,No internet service,One year,No,Electronic check,30.74,31.74,1
Female,1,Yes,No,24,No,No phone service,DSL,No,Yes,No,No,Yes,Yes,One year,Yes,Electronic check,71.7,1735.87,0
Male,1,Yes,No,12,Yes,Yes,Fiber optic,No,No,Yes,No,Yes,Yes,Month-to-month,No,Mailed check,108.53,1397.3,1
Female,0,No,No,2,No,No phone service,Fiber optic,Yes,No,No,No,No,No,One year,No,Electronic check,42.7,89.4,0
Female,0,Yes,Yes,23,No,No phone service,DSL,Yes,No,Yes,Yes,Yes,Yes,Month-to-month,No,Mailed check,86.64,2001.19,1
Female,0,No,No,18,Yes,No,DSL,Yes,No,Yes,Yes,Yes,Yes,Month-to-month,No,Mailed check,118.39,2287.93,1
Male,0,No,No,24,Yes,Yes,DSL,Yes,Yes,Yes,No,No,No,Month-to-month,No,Bank transfer (automatic),131.51,2995.45,1
Female,0,No,No,11,No,No phone service,Fiber optic,No,No,Yes,No,No,No,One year,Yes,Electronic check,43.14,442.02,0
Female,1,Yes,No,23,Yes,Yes,DSL,Yes,Yes,Yes,Yes,No,No,Month-to-month,Yes,Electronic check,136.37,2923.48,1
Male,0,Yes,No,9,Yes,No,Fiber optic,No internet service,No internet service,No internet service,No internet service,No internet service,No internet service,One year,No,Electronic check,29.14,253.55,1
Male,0,No,No,2,Yes,No,Fiber optic,No,Yes,No,No,No,No,One year,Yes,Electronic check,74.46,141.14,1
Male,0,No,No,1,Yes,No,Fiber optic,No internet service,No internet service,No internet service,No internet service,No internet service,No internet service,One year,No,Electronic check,29.07,31.57,1
Female,1,Yes,No,7,No,No phone service,Fiber optic,No,No,Yes,No,Yes,Yes,One year,Yes,Electronic check,70.11,452.08,1
Female,0,Yes,No,27,Yes,Yes,DSL,Yes,No,No,Yes,No,No,Month-to-month,No,Mailed check,84.46,2371.18,1
Female,0,Yes,Yes,2,Yes,No,Fiber optic,No internet service,No internet service,No internet service,No internet service,No internet service,No internet service,One year,No,Mailed check,29.14,54.66,1
Male,0,Yes,Yes,9,Yes,Yes,Fiber optic,,No,No,No,No,No,One year,Yes,Electronic check,70.11,679.15,1
Male,0,Yes,Yes,24,Yes,Yes,DSL,No,No,Yes,No,Yes,No,Month-to-month,Yes,Bank transfer (automatic),129.2,3386.89,0
Male,0,Yes,No,8,Yes,No,Fiber optic,,Yes,No,Yes,Yes,Yes,Month-to-month,Yes,Credit card (automatic),151.67,1204.98,1
Female,0,Yes,No,28,Yes,Yes,DSL,Yes,No,Yes,Yes,Yes,Yes,Month-to-month,Yes,Bank transfer (automatic),122.38,3686.43,0
Female,0,No,No,2,Yes,No,Fiber optic,No internet service,No internet service,No internet service,No internet service,No internet service,No internet service,One year,No,Mailed check,28.35,51.09,1
Male,1,Yes,Yes,20,Yes,Yes,DSL,No,Yes,Yes,No,No,No,Month-to-month,Yes,Electronic check,122.09,2598.05,1
Female,0,Yes,Yes,14,Yes,No,Fiber optic,Yes,Yes,No,No,Yes,Yes,Month-to-month,No,Electronic check,108.89,1441.72,1
Male,0,Yes,Yes,20,Yes,No,DSL,Yes,Yes,Yes,No,Yes,Yes,Month-to-month,No,Electronic check,114.84,2484.54,1
Male,0,No,No,2,Yes,No,Fiber optic,No,No,Yes,No,Yes,Yes,Month-to-month,No,Electronic check,139.92,251.92,1
Male,0,Yes,Yes,6,Yes,No,Fiber optic,No,Yes,Yes,Yes,No,Yes,Month-to-month,Yes,Credit card (automatic),100.78,611.47,1
Male,0,Yes,Yes,6,No,No phone service,Fiber optic,Yes,No,No,No,No,No,One year,Yes,Bank transfer (automatic),43.79,276.23,1
Female,1,No,No,7,Yes,No,Fiber optic,No,Yes,No,No,No,No,Month-to-month,Yes,Electronic check,108.32,721.65,1
Male,0,No,No,9,Yes,No,Fiber optic,Yes,No,No,No,No,No,One year,Yes,Electronic check,71.85,606.96,1
Male,1,Yes,No,18,Yes,Yes,DSL,Yes,No,Yes,Yes,No,Yes,Month-to-month,No,Bank transfer (automatic),108.97,1798.31,1
Female,0,No,No,1,Yes,No,Fiber optic,No,No,No,No,No,Yes,Month-to-month,Yes,Electronic check,114.77,110.79,1
Female,1,Yes,Yes,4,No,No phone service,Fiber optic,No,No,No,Yes,No,No,One year,Yes,Electronic check,42.48,171.95,1
Male,0,Yes,Yes,13,Yes,No,Fiber optic,No,No,Yes,Yes,Yes,Yes,Month-to-month,Yes,Bank transfer (automatic),107.16,1286.05,1
Male,0,Yes,Yes,6,Yes,Yes,Fiber optic,,No,No,No,No,No,Month-to-month,Yes,Electronic check,108.6,635.53,1
Female,0,Yes,No,19,Yes,No,DSL,No internet service,No internet service,No internet service,No internet service,No internet service,No internet service,One year,No,Electronic check,27.55,472.05,0
Male,0,Yes,No,28,Yes,Yes,DSL,Yes,Yes,Yes,Yes,No,Yes,Month-to-month,Yes,Electronic check,119.34,3554.49,1
Female,0,Yes,Yes,15,Yes,No,DSL,No internet service,No internet service,No internet service,No internet service,No internet service,No internet service,One year,Yes,Bank transfer (automatic),28.93,401.7,0
Female,0,No,No,1,Yes,No,Fiber optic,No,No,No,No,No,Yes,Month-to-month,Yes,Electronic check,118.83,113.68,1
Female,0,Yes,No,28,Yes,No,DSL,No internet service,No internet service,No internet service,No internet service,No internet service,No internet service,One year,No,Electronic check,28.13,711.78,0
Female,0,No,No,3,Yes,No,Fiber optic,No,Yes,No,No,No,No,Month-to-month,No,Electronic check,109.62,324.4,1
Female,0,No,No,18,Yes,No,DSL,No,No,Yes,Yes,Yes,Yes,Month-to-month,No,Electronic check,107.95,2075.28,1
Male,0,No,No,4,Yes,No,Fiber optic,No,No,No,No,No,No,Month-to-month,No,Electronic check,101.79,398.38,1
Female,0,Yes,Yes,9,Yes,No,Fiber optic,Yes,Yes,No,Yes,No,No,Month-to-month,No,Bank transfer (automatic),122.38,1030.82,1
Male,1,No,No,2,Yes,No,Fiber optic,No,No,Yes,No,No,No,One year,No,Electronic check,73.01,153.43,1
Female,0,No,No,7,Yes,Yes,Fiber optic,No,No,No,Yes,Yes,No,Month-to-month,Yes,Bank transfer (automatic),128.11,948.57,1
Female,0,No,No,5,Yes,Yes,Fiber optic,No,No,No,No,No,Yes,Month-to-month,Yes,Electronic check,122.67,573.33,1
Male,0,Yes,Yes,28,Yes,Yes,DSL,No,Yes,Yes,Yes,Yes,Yes,Month-to-month,Yes,Electronic check,124.63,3678.68,1
Female,0,No,No,2,Yes,Yes,Fiber optic,No,Yes,No,No,Yes,No,Month-to-month,Yes,Electronic check,130.64,284.65,1
Female,1,No,No,1,Yes,No,Fiber optic,No,Yes,No,No,No,Yes,Month-to-month,Yes,Electronic check,124.7,116.38,1
Female,0,Yes,Yes,24,Yes,Yes,DSL,Yes,Yes,Yes,Yes,Yes,Yes,Month-to-month,No,Electronic check,166.9,4222.69,0
Male,0,No,No,1,Yes,No,Fiber optic,No internet service,No internet service,No internet service,No internet service,No internet service,No internet service,One year,Yes,Electronic check,28.28,29.46,1
Male,0,No,No,20,Yes,Yes,DSL,No,No,Yes,No,No,Yes,Month-to-month,Yes,Electronic check,129.7,2580.29,1
Male,0,Yes,Yes,4,Yes,No,Fiber optic,No,No,No,No,Yes,No,Month-to-month,Yes,Mailed check,81.63,297.65,1
Male,0,No,Yes,5,Yes,No,Fiber optic,Yes,No,No,No,No,No,Month-to-month,Yes,Electronic check,75.54,345.57,1
Male,0,Yes,Yes,18,Yes,Yes,DSL,Yes,Yes,No,Yes,Yes,No,Month-to-month,No,Bank transfer (automatic),107.08,2063.29,0
Female,1,Yes,No,28,Yes,Yes,DSL,No internet service,No internet service,No internet service,No internet service,No internet service,No internet service,One year,No,Credit card (automatic),35.24,1083.45,0
Female,0,No,No,14,Yes,Yes,Fiber optic,Yes,No,No,No,No,No,Month-to-month,No,Electronic check,78.95,1144.22,0
Male,0,No,No,27,Yes,Yes,DSL,No,Yes,Yes,Yes,Yes,No,Month-to-month,Yes,Electronic check,141.59,3781.61,0
Male,0,Yes,No,28,Yes,No,DSL,No internet service,No internet service,No internet service,No internet service,No internet service,No internet service,One year,No,Electronic check,28.56,823.28,0
Male,0,Yes,No,7,Yes,No,Fiber optic,No,No,Yes,Yes,No,No,Month-to-month,No,Electronic check,113.39,808.71,1
Male,0,Yes,Yes,5,Yes,No,Fiber optic,Yes,Yes,No,No,No,Yes,Month-to-month,Yes,Electronic check,89.03,434.79,1
Female,1,No,No,19,Yes,Yes,DSL,,No,No,No,Yes,Yes,Month-to-month,No,Bank transfer (automatic),147.25,2554.7,0
Female,1,Yes,No,10,Yes,Yes,Fiber optic,No,Yes,Yes,No,No,Yes,Month-to-month,Yes,Electronic check,136.08,1448.3,1
Female,0,No,No,7,No,No phone service,Fiber optic,,Yes,No,Yes,No,No,One year,Yes,Electronic check,58.29,397.57,1
Male,0,Yes,Yes,12,Yes,Yes,Fiber optic,No,Yes,No,Yes,No,No,Month-to-month,Yes,Bank transfer (automatic),121.15,1546.49,1
Female,0,No,Yes,26,Yes,Yes,DSL,Yes,No,Yes,Yes,No,No,Month-to-month,Yes,Electronic check,131.88,3259.16,1
Male,1,Yes,No,26,Yes,Yes,DSL,Yes,No,No,No,Yes,Yes,Month-to-month,Yes,Bank transfer (automatic),146.09,3419.29,0
Male,0,No,No,2,Yes,Yes,Fiber optic,No,Yes,No,No,Yes,Yes,Month-to-month,Yes,Electronic check,144.71,269.68,1
Female,0,No,No,1,No,No phone service,Fiber optic,No,Yes,No,No,No,No,One year,No,Electronic check,42.34,42.07,1
Female,0,No,No,2,Yes,No,Fiber optic,No,No,No,No,No,Yes,Month-to-month,Yes,Electronic check,114.98,250.39,1
Male,0,No,No,3,Yes,Yes,Fiber optic,No,No,No,No,No,Yes,Month-to-month,No,Electronic check,122.52,338.32,1
Male,0,Yes,Yes,10,Yes,No,Fiber optic,Yes,Yes,No,No,No,No,Month-to-month,Yes,Credit card (automatic),116.94,1252.24,1
Female,0,Yes,No,15,Yes,No,DSL,Yes,No,Yes,Yes,Yes,Yes,Month-to-month,Yes,Electronic check,151.82,2289.61,1
Female,0,Yes,Yes,17,No,No phone service,DSL,Yes,No,Yes,Yes,Yes,Yes,Month-to-month,Yes,Credit card (automatic),87.58,1585.91,0
Female,0,Yes,No,18,Yes,No,DSL,No internet service,No internet service,No internet service,No internet service,No internet service,No internet service,One year,No,Electronic check,28.49,492.14,0
Male,0,No,Yes,1,Yes,No,Fiber optic,No internet service,No internet service,No internet service,No internet service,No internet service,No internet service,One year,No,Electronic check,28.78,30.74,1
Male,0,No,Yes,1,Yes,Yes,Fiber optic,,No,No,No,No,No,Month-to-month,Yes,Electronic check,107.81,113.69,1
Male,0,No,No,3,Yes,No,Fiber optic,No,No,No,Yes,Yes,No,Month-to-month,No,Electronic check,125.06,354.92,1
Male,0,Yes,Yes,25,Yes,Yes,DSL,Yes,Yes,Yes,No,Yes,Yes,Month-to-month,No,Credit card (automatic),121.08,2803.81,1
Female,0,Yes,No,24,Yes,No,DSL,No internet service,No internet service,No internet service,No internet service,No internet service,No internet service,One year,No,Electronic check,29.36,756.51,0
Female,0,No,No,10,Yes,No,Fiber optic,No internet service,No internet service,No internet service,No internet service,No internet service,No internet service,One year,Yes,Electronic check,27.84,304.19,1
Male,0,No,No,14,Yes,No,Fiber optic,No internet service,No internet service,No internet service,No internet service,No internet service,No internet service,One year,No,Electronic check,29.87,378.98,1
Female,0,No,No,1,Yes,No,Fiber optic,No,No,Yes,Yes,Yes,Yes,Month-to-month,No,Electronic check,110.78,115.9,1
Female,0,Yes,Yes,27,Yes,Yes,DSL,No,Yes,No,Yes,No,Yes,Month-to-month,Yes,Electronic check,135.28,3951.72,1
Female,0,No,No,1,Yes,No,Fiber optic,No,No,No,No,No,No,One year,No,Electronic check,63.73,68.28,1
Male,1,Yes,Yes,26,Yes,Yes,DSL,Yes,Yes,Yes,Yes,Yes,Yes,Month-to-month,Yes,Bank transfer (automatic),168.56,4789.72,0
Female,0,Yes,Yes,13,Yes,No,Fiber optic,Yes,Yes,Yes,Yes,Yes,Yes,Month-to-month,No,Electronic check,122.89,1680.67,1
Female,0,No,No,6,Yes,Yes,Fiber optic,No internet service,No internet service,No internet service,No internet service,No internet service,No internet service,One year,Yes,Electronic check,36.83,218.43,1
Male,0,Yes,Yes,26,Yes,Yes,DSL,Yes,Yes,No,No,No,Yes,Month-to-month,Yes,Electronic check,100.85,2523.48,1
Male,0,No,No,1,Yes,No,Fiber optic,No,No,Yes,Yes,Yes,Yes,Month-to-month,Yes,Electronic check,143.12,137.99,1
Male,0,No,No,2,Yes,No,Fiber optic,No internet service,No internet service,No internet service,No internet service,No internet service,No internet service,One year,No,Credit card (automatic),30.52,63.78,1
Female,1,No,No,3,Yes,No,Fiber optic,No,No,Yes,No,Yes,Yes,Month-to-month,Yes,Electronic check,133.54,420.32,1
Female,0,No,No,23,Yes,Yes,DSL,Yes,Yes,Yes,No,No,Yes,Month-to-month,Yes,Electronic check,144.2,3117.84,1
Male,0,Yes,Yes,1,No,No phone service,Fiber optic,No,Yes,No,No,No,No,One year,No,Mailed check,43.79,47.01,1
Male,0,No,No,14,No,No phone service,Fiber optic,No,No,Yes,No,Yes,Yes,One year,No,Electronic check,71.34,1041.69,1
Female,0,No,No,2,No,No phone service,Fiber optic,No,No,No,No,Yes,Yes,One year,No,Electronic check,65.25,132.14,1
Male,1,No,No,28,No,No phone service,DSL,No,Yes,Yes,No,Yes,No,One year,Yes,Credit card (automatic),63.87,1778.18,0
Male,0,No,No,7,Yes,Yes,Fiber optic,No,Yes,No,No,No,No,Month-to-month,Yes,Bank transfer (automatic),116.94,825.66,1
Female,0,No,No,3,Yes,No,Fiber optic,No,No,No,No,Yes,No,Month-to-month,Yes,Credit card (automatic),116.0,324.28,1
Male,0,No,No,2,Yes,Yes,Fiber optic,No,No,No,Yes,No,Yes,Month-to-month,Yes,Electronic check,127.53,239.95,1
Female,0,No,No,18,Yes,No,DSL,Yes,Yes,No,Yes,No,No,Month-to-month,Yes,Electronic check,85.4,1411.51,1
Male,0,Yes,Yes,3,Yes,No,Fiber optic,No,No,No,No,No,No,One year,Yes,Electronic check,63.0,175.91,1
Female,0,No,No,6,Yes,Yes,Fiber optic,No,No,No,No,No,No,One year,No,Electronic check,70.83,421.04,1
Female,0,No,No,27,Yes,No,DSL,No internet service,No internet service,No internet service,No internet service,No internet service,No internet service,One year,No,Bank transfer (automatic),28.42,772.0,0
Female,0,Yes,Yes,18,Yes,No,DSL,No internet service,No internet service,No internet service,No internet service,No internet service,No internet service,One year,Yes,Electronic check,28.93,470.53,0
Female,0,Yes,Yes,16,Yes,Yes,DSL,No,No,Yes,Yes,No,No,Month-to-month,Yes,Bank transfer (automatic),123.03,2085.33,1
Female,1,No,No,1,Yes,Yes,Fiber optic,No,No,No,No,Yes,No,Month-to-month,Yes,Mailed check,124.26,119.14,1
Female,0,Yes,Yes,20,Yes,Yes,DSL,No,No,Yes,No,Yes,Yes,Month-to-month,No,Electronic check,146.81,3178.05,1
Female,0,Yes,Yes,6,Yes,No,Fiber optic,Yes,No,No,Yes,Yes,No,Month-to-month,No,Electronic check,133.18,873.8,1
Female,0,No,No,1,Yes,No,Fiber optic,No,No,No,No,No,No,One year,Yes,Mailed check,65.83,61.69,0
Male,0,No,No,2,Yes,No,Fiber optic,No,No,Yes,No,Yes,Yes,Month-to-month,Yes,Electronic check,101.5,201.46,1
Male,1,Yes,No,16,Yes,Yes,DSL,No,No,Yes,No,Yes,Yes,Month-to-month,Yes,Bank transfer (automatic),144.71,2084.39,1
Male,0,No,No,2,Yes,No,Fiber optic,No internet service,No internet service,No internet service,No internet service,No internet service,No internet service,One year,No,Electronic check,28.28,57.67,1
Female,0,No,Yes,6,Yes,Yes,Fiber optic,No,No,Yes,No,No,No,Month-to-month,Yes,Electronic check,80.98,496.31,1
Male,0,Yes,Yes,23,Yes,Yes,DSL,Yes,Yes,No,Yes,Yes,Yes,Month-to-month,Yes,Electronic check,161.1,3518.21,1
Female,0,Yes,No,28,Yes,No,DSL,No internet service,No internet service,No internet service,No internet service,No internet service,No internet service,One year,No,Credit card (automatic),28.13,796.84,1
Male,0,Yes,Yes,28,Yes,Yes,DSL,No internet service,No internet service,No internet service,No internet service,No internet service,No internet service,One year,No,Electronic check,36.76,972.78,0
Female,0,No,Yes,3,No,No phone service,Fiber optic,Yes,No,No,No,No,Yes,One year,Yes,Bank transfer (automatic),55.82,156.1,1
Male,1,Yes,No,24,Yes,Yes,DSL,No,Yes,No,Yes,No,No,Month-to-month,Yes,Electronic check,124.05,3067.42,1
Female,0,Yes,No,12,Yes,No,Fiber optic,No internet service,No internet service,No internet service,No internet service,No internet service,No internet service,One year,No,Bank transfer (automatic),28.13,325.81,0
Male,1,Yes,No,28,No,No phone service,DSL,Yes,Yes,Yes,Yes,No,No,One year,No,Mailed check,67.21,1915.85,0
Female,0,No,No,1,Yes,No,Fiber optic,No internet service,No internet service,No internet service,No internet service,No internet service,No internet service,One year,No,Electronic check,30.38,29.97,1
Male,0,No,No,28,Yes,Yes,DSL,Yes,Yes,Yes,Yes,No,No,Month-to-month,No,Electronic check,100.99,3101.64,1
Female,0,Yes,No,16,Yes,Yes,DSL,Yes,Yes,Yes,Yes,Yes,Yes,Month-to-month,Yes,Bank transfer (automatic),164.72,2450.81,1
Male,0,Yes,No,22,Yes,No,DSL,Yes,No,No,Yes,No,No,Month-to-month,No,Electronic check,80.76,1764.14,0
Female,1,No,No,18,Yes,Yes,DSL,No,Yes,No,Yes,Yes,No,Month-to-month,Yes,Mailed check,137.82,2570.29,0
Female,1,Yes,No,21,Yes,Yes,DSL,Yes,Yes,Yes,Yes,Yes,Yes,Month-to-month,Yes,Electronic check,167.62,3446.48,0
Female,0,No,No,1,No,No phone service,Fiber optic,Yes,Yes,No,No,No,No,One year,Yes,Bank transfer (automatic),48.79,53.42,1
Male,0,Yes,Yes,6,Yes,Yes,Fiber optic,No,Yes,Yes,Yes,No,No,Month-to-month,Yes,Mailed check,96.72,606.07,1
Male,0,Yes,Yes,1,Yes,No,Fiber optic,No,No,No,No,No,No,One year,No,Credit card (automatic),64.6,66.63,1
Male,0,No,No,4,Yes,No,Fiber optic,No internet service,No internet service,No internet service,No internet service,No internet service,No internet service,One year,No,Electronic check,29.51,124.11,1
Female,0,Yes,Yes,2,Yes,Yes,Fiber optic,No,No,No,Yes,No,No,Month-to-month,Yes,Electronic check,116.72,254.57,1
Male,0,No,No,3,Yes,No,Fiber optic,No,No,No,Yes,Yes,No,Month-to-month,No,Electronic check,125.06,405.78,1
Male,1,No,No,10,Yes,Yes,Fiber optic,No,Yes,No,No,Yes,No,Month-to-month,Yes,Electronic check,128.98,1347.66,1
Male,0,No,No,4,Yes,Yes,Fiber optic,No,Yes,No,No,No,No,Month-to-month,No,Electronic check,115.78,486.2,1
Male,0,No,Yes,1,Yes,No,Fiber optic,No internet service,No internet service,No internet service,No internet service,No internet service,No internet service,One year,No,Electronic check,30.23,28.09,0
Male,0,No,No,24,Yes,No,DSL,No internet service,No internet service,No internet service,No internet service,No internet service,No internet service,One year,No,Mailed check,28.78,635.85,0
Male,0,Yes,Yes,9,No,No phone service,Fiber optic,No,No,No,Yes,No,No,One year,Yes,Electronic check,44.01,401.71,1
Male,0,Yes,Yes,24,Yes,No,DSL,No internet service,No internet service,No internet service,No internet service,No internet service,No internet service,One year,No,Electronic check,29.94,649.34,1
Female,1,No,No,26,Yes,Yes,DSL,No,Yes,Yes,No,Yes,Yes,Month-to-month,No,Mailed check,156.74,4060.86,1
Male,0,No,Yes,1,Yes,No,Fiber optic,No,No,Yes,No,No,No,One year,No,Electronic check,70.98,66.87,1
Male,0,Yes,No,3,Yes,No,Fiber optic,No,Yes,Yes,Yes,Yes,No,Month-to-month,Yes,Electronic check,137.53,399.88,1
Male,1,Yes,No,27,No,No phone service,DSL,Yes,Yes,Yes,No,No,No,One year,Yes,Credit card (automatic),60.83,1733.01,0
Male,1,Yes,No,21,Yes,Yes,DSL,Yes,No,No,Yes,No,No,Month-to-month,Yes,Credit card (automatic),87.07,1989.83,1
Male,0,No,Yes,3,No,No phone service,Fiber optic,No,No,No,No,No,No,One year,No,Electronic check,36.98,101.45,1
Female,0,Yes,No,28,Yes,Yes,DSL,Yes,Yes,Yes,Yes,Yes,Yes,Month-to-month,No,Electronic check,124.34,3505.36,1
Male,0,No,No,4,Yes,No,Fiber optic,No,No,No,No,No,No,Month-to-month,No,Bank transfer (automatic),101.79,438.31,1
Male,0,No,Yes,6,Yes,Yes,Fiber optic,No internet service,No internet service,No internet service,No internet service,No internet service,No internet service,One year,Yes,Electronic check,35.96,197.74,1
Male,0,Yes,No,16,No,No phone service,DSL,No,No,No,No,No,No,One year,Yes,Electronic check,36.4,620.2,0
Female,0,Yes,Yes,2,Yes,No,Fiber optic,No internet service,No internet service,No internet service,No internet service,No internet service,No internet service,One year,No,Electronic check,29.94,58.18,1
Female,0,Yes,Yes,14,Yes,No,Fiber optic,No internet service,No internet service,No internet service,No internet service,No internet service,No internet service,One year,Yes,Electronic check,28.78,388.58,1
Male,0,No,No,14,Yes,No,Fiber optic,No internet service,No internet service,No internet service,No internet service,No internet service,No internet service,One year,No,Electronic check,29.87,458.11,1
Female,0,No,Yes,5,Yes,Yes,Fiber optic,Yes,No,No,Yes,No,No,Month-to-month,Yes,Electronic check,124.7,586.2,1
Male,0,No,No,12,Yes,No,Fiber optic,No,No,Yes,Yes,Yes,Yes,Month-to-month,No,Mailed check,144.2,1797.26,1
Female,0,Yes,No,22,Yes,Yes,DSL,No,Yes,No,No,No,No,Month-to-month,Yes,Credit card (automatic),112.74,2639.73,1
Male,0,No,No,5,Yes,No,Fiber optic,No,No,No,No,Yes,Yes,Month-to-month,Yes,Electronic check,132.1,599.89,1
Female,0,No,No,3,Yes,Yes,Fiber optic,No,No,Yes,No,Yes,Yes,Month-to-month,Yes,Mailed check,144.49,448.24,1
Female,0,Yes,No,23,Yes,Yes,DSL,Yes,No,No,Yes,No,No,Month-to-month,Yes,Bank transfer (automatic),88.52,2219.83,1
Female,0,Yes,No,8,Yes,Yes,Fiber optic,Yes,No,No,Yes,Yes,Yes,Month-to-month,Yes,Electronic check,114.84,849.67,1
Female,0,Yes,Yes,18,Yes,Yes,DSL,Yes,Yes,No,Yes,Yes,Yes,Month-to-month,Yes,Electronic check,123.68,2402.66,1
Female,1,No,No,5,Yes,No,Fiber optic,No,No,Yes,No,No,No,Month-to-month,Yes,Mailed check,107.74,548.91,1
Female,0,No,Yes,6,Yes,No,Fiber optic,No,No,No,No,Yes,Yes,Month-to-month,Yes,Electronic check,93.82,576.05,1
Female,0,Yes,Yes,3,Yes,No,Fiber optic,No internet service,No internet service,No internet service,No internet service,No internet service,No internet service,One year,No,Bank transfer (automatic),28.28,86.76,1
Male,0,Yes,Yes,3,Yes,No,Fiber optic,No,No,No,No,No,No,One year,No,Electronic check,64.74,186.41,1
Female,0,Yes,No,16,Yes,Yes,DSL,No,No,No,No,No,No,One year,Yes,Credit card (automatic),72.86,1267.23,0
Male,0,Yes,Yes,21,Yes,Yes,DSL,Yes,No,No,Yes,No,Yes,Month-to-month,No,Electronic check,104.18,2383.52,1
Male,0,Yes,Yes,11,Yes,No,Fiber optic,No internet service,No internet service,No internet service,No internet service,No internet service,No internet service,One year,Yes,Electronic check,29.44,331.96,1
Female,1,Yes,No,28,Yes,Yes,DSL,Yes,Yes,Yes,Yes,No,No,Month-to-month,Yes,Mailed check,140.07,4144.27,0
Male,0,No,No,1,Yes,No,Fiber optic,No internet service,No internet service,No internet service,No internet service,No internet service,No internet service,One year,Yes,Electronic check,29.29,29.95,1
Male,0,No,No,16,Yes,Yes,DSL,No,Yes,No,No,Yes,No,Month-to-month,Yes,Electronic check,129.34,2062.98,1
Male,1,No,No,3,Yes,Yes,Fiber optic,No,No,Yes,No,Yes,Yes,Month-to-month,Yes,Electronic check,145.72,451.22,1
Female,0,No,No,11,Yes,No,Fiber optic,Yes,No,No,Yes,No,No,Month-to-month,No,Electronic check,78.74,875.32,1
Female,0,Yes,Yes,25,Yes,Yes,DSL,Yes,Yes,Yes,Yes,Yes,Yes,Month-to-month,Yes,Electronic check,131.37,3348.28,1
Female,0,Yes,No,28,Yes,Yes,DSL,No internet service,No internet service,No internet service,No internet service,No internet service,No internet service,One year,No,Credit card (automatic),35.6,1053.38,0
Male,0,No,Yes,21,Yes,No,DSL,No internet service,No internet service,No internet service,No internet service,No internet service,No internet service,One year,No,Electronic check,28.64,599.14,0
Female,0,Yes,Yes,28,Yes,Yes,DSL,Yes,Yes,Yes,Yes,Yes,No,Month-to-month,No,Mailed check,116.29,2957.05,1
Male,0,Yes,Yes,23,Yes,No,DSL,No internet service,No internet service,No internet service,No internet service,No internet service,No internet service,One year,Yes,Bank transfer (automatic),28.35,608.23,1
Female,0,Yes,Yes,27,Yes,Yes,DSL,Yes,Yes,Yes,Yes,Yes,No,Month-to-month,Yes,Credit card (automatic),152.39,4064.01,1
Male,0,No,Yes,1,Yes,Yes,Fiber optic,No,No,Yes,No,No,Yes,Month-to-month,No,Electronic check,133.18,139.17,1
Male,0,No,No,16,Yes,No,DSL,,Yes,No,Yes,No,Yes,Month-to-month,Yes,Bank transfer (automatic),129.92,2117.5,1
Male,0,No,No,14,Yes,No,Fiber optic,No internet service,No internet service,No internet service,No internet service,No internet service,No internet service,One year,Yes,Electronic check,29.29,422.39,0
Male,0,Yes,No,17,No,No phone service,DSL,No,Yes,Yes,No,Yes,Yes,Month-to-month,No,Mailed check,78.74,1333.03,0
Male,0,No,No,1,Yes,No,Fiber optic,No,No,No,No,No,No,Month-to-month,Yes,Mailed check,100.92,103.26,1
Male,0,No,No,9,Yes,Yes,Fiber optic,No,No,Yes,Yes,Yes,Yes,Month-to-month,Yes,Bank transfer (automatic),150.87,1311.4,1
Female,0,No,No,18,Yes,Yes,DSL,No,No,Yes,No,Yes,Yes,Month-to-month,Yes,Electronic check,146.6,2623.06,1
Female,1,No,No,7,Yes,No,Fiber optic,No internet service,No internet service,No internet service,No internet service,No internet service,No internet service,One year,No,Mailed check,29.51,216.66,1
Male,0,No,No,20,Yes,No,DSL,No,Yes,Yes,No,Yes,Yes,Month-to-month,Yes,Electronic check,143.55,3084.51,1
Female,0,Yes,Yes,1,Yes,No,Fiber optic,No internet service,No internet service,No internet service,No internet service,No internet service,No internet service,One year,Yes,Bank transfer (automatic),28.93,28.55,1
Female,0,No,No,13,Yes,No,Fiber optic,No,No,No,No,No,No,Month-to-month,Yes,Credit card (automatic),102.08,1205.92,1
Male,1,Yes,No,4,Yes,No,Fiber optic,No,No,No,No,No,No,Month-to-month,Yes,Electronic check,101.79,379.61,1
Male,0,No,Yes,9,No,No phone service,Fiber optic,Yes,No,No,Yes,No,No,One year,No,Credit card (automatic),51.84,421.85,1
Female,0,No,No,20,Yes,No,DSL,Yes,No,No,No,No,No,One year,Yes,Electronic check,72.14,1487.03,0
Female,0,No,No,2,Yes,Yes,Fiber optic,No,No,No,No,Yes,Yes,Month-to-month,Yes,Electronic check,135.65,262.2,1
Female,0,Yes,Yes,19,Yes,Yes,DSL,No,No,No,No,No,Yes,Month-to-month,Yes,Electronic check,118.97,2279.63,1
Male,0,Yes,No,4,Yes,Yes,Fiber optic,No,No,No,No,No,No,Month-to-month,Yes,Electronic check,108.68,434.14,1
Female,0,No,No,27,Yes,Yes,DSL,No,Yes,Yes,No,Yes,Yes,Month-to-month,Yes,Mailed check,116.94,2893.12,1
Male,0,No,No,2,No,No phone service,Fiber optic,Yes,Yes,Yes,Yes,No,No,One year,Yes,Electronic check,62.71,122.99,1
Male,0,Yes,Yes,20,Yes,No,DSL,No,Yes,Yes,Yes,Yes,No,Month-to-month,Yes,Electronic check,99.69,1882.37,1
Male,0,Yes,Yes,16,Yes,No,DSL,No internet service,No internet service,No internet service,No internet service,No internet service,No internet service,One year,No,Credit card (automatic),30.01,472.32,0
Female,0,No,No,1,Yes,Yes,Fiber optic,No,No,No,No,Yes,Yes,Month-to-month,Yes,Bank transfer (automatic),137.97,129.79,1
Male,0,Yes,Yes,6,Yes,Yes,Fiber optic,No,No,Yes,Yes,No,No,Month-to-month,Yes,Bank transfer (automatic),86.49,554.27,1
Male,0,No,No,1,Yes,No,Fiber optic,No,No,No,Yes,No,No,Month-to-month,No,Bank transfer (automatic),107.3,100.31,1
Female,0,Yes,Yes,22,Yes,No,DSL,Yes,Yes,Yes,No,No,No,Month-to-month,Yes,Mailed check,88.88,2135.56,0
Male,0,No,Yes,21,Yes,No,DSL,Yes,Yes,No,Yes,Yes,Yes,Month-to-month,Yes,Electronic check,153.48,3168.87,1
Male,0,No,No,16,Yes,Yes,DSL,No,No,Yes,No,No,No,Month-to-month,No,Electronic check,115.86,1982.13,1
Male,1,Yes,No,24,Yes,Yes,DSL,No internet service,No internet service,No internet service,No internet service,No internet service,No internet service,One year,No,Mailed check,36.25,892.41,0
Female,0,No,No,24,No,No phone service,DSL,Yes,No,Yes,No,Yes,Yes,Month-to-month,No,Electronic check,77.72,1953.08,1
Male,0,No,No,1,Yes,No,Fiber optic,Yes,Yes,No,Yes,No,Yes,Month-to-month,Yes,Mailed check,137.61,144.98,1
Male,0,No,No,3,No,No phone service,Fiber optic,,Yes,Yes,No,No,No,One year,No,Electronic check,57.35,172.22,1
Female,0,Yes,No,5,Yes,No,Fiber optic,No internet service,No internet service,No internet service,No internet service,No internet service,No internet service,One year,No,Electronic check,29.58,149.18,1
Female,0,No,No,27,No,No phone service,DSL,No,Yes,No,Yes,No,Yes,One year,No,Electronic check,65.18,1764.79,0
Female,0,No,No,4,Yes,Yes,Fiber optic,,No,Yes,No,Yes,Yes,Month-to-month,Yes,Mailed check,145.22,591.11,1
Male,0,No,No,4,Yes,Yes,Fiber optic,No,No,No,No,Yes,No,Month-to-month,Yes,Electronic check,122.45,443.7,1
Female,0,Yes,Yes,22,Yes,No,DSL,No,No,No,No,Yes,Yes,Month-to-month,No,Mailed check,128.9,2776.54,1
Male,0,No,No,5,Yes,Yes,Fiber optic,No,No,No,Yes,Yes,Yes,Month-to-month,No,Electronic check,146.09,745.96,1
Female,0,Yes,No,27,Yes,Yes,DSL,Yes,Yes,Yes,Yes,Yes,Yes,Month-to-month,No,Electronic check,171.97,4733.94,1
Male,0,Yes,Yes,28,Yes,Yes,DSL,No,No,Yes,No,No,Yes,Month-to-month,Yes,Bank transfer (automatic),131.66,3902.48,0
Male,0,No,No,12,Yes,No,Fiber optic,No internet service,No internet service,No internet service,No internet service,No internet service,No internet service,One year,No,Mailed check,29.58,365.96,0
Male,0,No,No,15,Yes,Yes,DSL,Yes,Yes,No,No,Yes,Yes,Month-to-month,Yes,Electronic check,154.28,2541.98,1
Male,0,Yes,No,22,Yes,No,DSL,Yes,No,No,Yes,No,No,Month-to-month,No,Bank transfer (automatic),80.76,1699.91,0
Female,0,No,No,1,Yes,No,Fiber optic,No,No,Yes,Yes,Yes,Yes,Month-to-month,No,Electronic check,110.78,107.66,1
Male,1,Yes,No,2,Yes,Yes,Fiber optic,Yes,Yes,No,No,No,Yes,Month-to-month,Yes,Electronic check,137.32,268.26,1
Female,1,No,No,17,Yes,Yes,DSL,No,Yes,No,No,Yes,No,Month-to-month,Yes,Electronic check,130.86,2209.41,1
Female,1,No,No,1,Yes,No,Fiber optic,,No,No,No,No,No,Month-to-month,Yes,Mailed check,101.72,108.56,1
Male,0,Yes,No,1,Yes,No,Fiber optic,No,No,No,No,Yes,Yes,Month-to-month,Yes,Mailed check,131.59,124.64,1
Female,1,Yes,No,28,Yes,Yes,DSL,No internet service,No internet service,No internet service,No internet service,No internet service,No internet service,One year,No,Electronic check,35.24,1041.19,1
Male,0,No,No,2,Yes,No,Fiber optic,No,No,Yes,No,Yes,Yes,Month-to-month,Yes,Bank transfer (automatic),101.57,199.29,1
Male,0,Yes,Yes,22,Yes,Yes,DSL,Yes,Yes,Yes,Yes,Yes,Yes,Month-to-month,No,Electronic check,167.98,3770.84,1
Male,0,No,No,3,Yes,Yes,Fiber optic,No,Yes,No,No,Yes,Yes,Month-to-month,No,Electronic check,146.23,450.32,1
Male,0,Yes,Yes,28,Yes,No,DSL,Yes,No,Yes,Yes,No,Yes,Month-to-month,Yes,Electronic check,102.73,2803.29,1
Male,0,Yes,No,5,Yes,Yes,Fiber optic,No,No,Yes,No,Yes,Yes,Month-to-month,Yes,Electronic check,148.26,743.17,1
Male,0,No,No,1,Yes,No,Fiber optic,No internet service,No internet service,No internet service,No internet service,No internet service,No internet service,One year,No,Electronic check,29.51,29.0,1
Male,0,Yes,No,16,Yes,No,DSL,No,Yes,Yes,No,No,No,Month-to-month,No,Electronic check,117.16,1713.02,1
Female,0,No,No,8,Yes,No,Fiber optic,No,Yes,Yes,No,No,Yes,Month-to-month,Yes,Bank transfer (automatic),130.57,1031.43,1
Female,0,No,No,1,Yes,No,Fiber optic,No,No,No,Yes,No,No,One year,Yes,Electronic check,72.35,66.52,1
Male,0,No,No,1,Yes,No,Fiber optic,No internet service,No internet service,No internet service,No internet service,No internet service,No internet service,One year,No,Electronic check,29.58,29.02,1
Male,0,No,No,2,Yes,No,Fiber optic,No internet service,No internet service,No internet service,No internet service,No internet service,No internet service,One year,No,Electronic check,27.77,56.57,1
Male,0,Yes,No,17,Yes,No,DSL,Yes,Yes,Yes,No,No,No,Month-to-month,Yes,Electronic check,124.84,2155.99,1
Male,1,Yes,Yes,11,Yes,Yes,Fiber optic,No,No,No,No,No,No,One year,Yes,Electronic check,73.95,839.91,0
Female,0,No,No,3,Yes,No,Fiber optic,,No,No,No,No,No,Month-to-month,No,Bank transfer (automatic),100.12,276.05,1
Male,0,No,No,8,Yes,No,Fiber optic,No internet service,No internet service,No internet service,No internet service,No internet service,No internet service,One year,Yes,Electronic check,28.42,234.28,1
Female,0,Yes,No,1,Yes,No,Fiber optic,Yes,Yes,No,No,Yes,No,Month-to-month,No,Mailed check,131.01,126.09,1
Male,1,Yes,Yes,27,Yes,Yes,DSL,No,Yes,Yes,No,No,No,Month-to-month,Yes,Bank transfer (automatic),122.74,3247.07,1
Female,0,No,No,8,Yes,No,Fiber optic,No internet service,No internet service,No internet service,No internet service,No internet service,No internet service,One year,No,Electronic check,28.28,242.44,1
Male,0,Yes,No,24,No,No phone service,DSL,Yes,Yes,No,Yes,No,No,One year,Yes,Bank transfer (automatic),55.97,1211.38,0
Male,0,Yes,Yes,26,Yes,No,DSL,No internet service,No internet service,No internet service,No internet service,No internet service,No internet service,One year,Yes,Electronic check,28.78,761.51,1
Female,0,Yes,No,3,Yes,No,Fiber optic,No,Yes,Yes,No,Yes,Yes,Month-to-month,No,Mailed check,146.67,448.7,1
Female,0,No,No,7,Yes,No,Fiber optic,No,No,No,No,No,No,Month-to-month,Yes,Electronic check,101.21,693.83,1
Male,0,Yes,Yes,23,Yes,Yes,DSL,Yes,Yes,Yes,Yes,No,No,Month-to-month,No,Electronic check,103.82,2262.27,1
Male,0,Yes,No,2,Yes,Yes,Fiber optic,No,No,No,No,No,No,Month-to-month,Yes,Electronic check,109.48,207.34,1
Female,0,Yes,No,10,Yes,No,Fiber optic,No internet service,No internet service,No internet service,No internet service,No internet service,No internet service,One year,No,Electronic check,27.84,299.76,1
Female,0,Yes,Yes,10,No,No phone service,Fiber optic,Yes,Yes,Yes,No,Yes,Yes,Month-to-month,Yes,Electronic check,84.97,839.85,0
Female,0,Yes,Yes,28,Yes,Yes,DSL,No internet service,No internet service,No internet service,No internet service,No internet service,No internet service,One year,No,Electronic check,36.9,998.25,0
Female,1,No,No,26,Yes,Yes,DSL,No,Yes,Yes,No,Yes,Yes,Month-to-month,No,Electronic check,156.74,4033.49,1
Female,1,No,No,1,Yes,No,Fiber optic,No,No,No,No,No,No,One year,No,Credit card (automatic),65.4,67.62,1
Male,0,No,No,2,Yes,No,Fiber optic,No internet service,No internet service,No internet service,No internet service,No internet service,No internet service,One year,Yes,Mailed check,27.91,51.87,0
Female,1,No,No,1,Yes,No,Fiber optic,No internet service,No internet service,No internet service,No internet service,No internet service,No internet service,One year,No,Electronic check,29.07,28.78,1
Male,0,No,No,3,Yes,No,Fiber optic,No,No,No,Yes,Yes,No,Month-to-month,No,Electronic check,125.06,381.77,1
Male,0,No,No,12,Yes,Yes,Fiber optic,No,No,No,Yes,No,No,Month-to-month,No,Bank transfer (automatic),118.46,1549.05,1
Female,1,Yes,No,8,Yes,Yes,Fiber optic,No,Yes,Yes,No,No,Yes,Month-to-month,No,Bank transfer (automatic),103.96,790.52,1
Female,0,No,No,5,Yes,No,Fiber optic,No,Yes,No,No,No,Yes,Month-to-month,Yes,Mailed check,125.14,608.09,1
Female,1,No,No,1,Yes,No,Fiber optic,No,No,No,No,No,No,One year,No,Electronic check,63.73,62.19,1
Male,0,No,No,4,Yes,Yes,Fiber optic,No,No,Yes,No,Yes,Yes,Month-to-month,No,Electronic check,108.39,442.71,1
Male,0,No,No,1,Yes,No,Fiber optic,No internet service,No internet service,No internet service,No internet service,No internet service,No internet service,One year,Yes,Electronic check,28.78,27.96,1
Male,0,Yes,Yes,1,Yes,No,Fiber optic,No internet service,No internet service,No internet service,No internet service,No internet service,No internet service,One year,No,Electronic check,28.56,28.75,1
Male,0,No,No,17,Yes,No,DSL,No,No,No,No,No,No,Month-to-month,No,Bank transfer (automatic),99.83,1792.76,1
Male,0,No,No,2,Yes,No,Fiber optic,No internet service,No internet service,No internet service,No internet service,No internet service,No internet service,One year,No,Mailed check,27.77,57.82,1
Female,0,No,No,2,Yes,No,Fiber optic,No,No,No,No,Yes,No,Month-to-month,Yes,Electronic check,114.55,226.64,1
Male,0,Yes,Yes,11,No,No phone service,Fiber optic,No,Yes,Yes,Yes,Yes,Yes,Month-to-month,Yes,Bank transfer (automatic),87.0,1026.71,1
Female,0,No,No,22,Yes,Yes,DSL,No,Yes,Yes,No,Yes,Yes,Month-to-month,Yes,Electronic check,154.86,3446.54,1
Male,0,No,No,7,Yes,Yes,Fiber optic,No,No,Yes,Yes,No,No,Month-to-month,No,Electronic check,86.35,609.27,1
Female,0,No,No,20,Yes,Yes,DSL,No,Yes,No,Yes,Yes,Yes,Month-to-month,Yes,Electronic check,115.42,2093.34,1
Male,0,No,Yes,2,Yes,No,Fiber optic,No internet service,No internet service,No internet service,No internet service,No internet service,No internet service,One year,No,Credit card (automatic),29.51,64.76,0
Female,1,No,No,6,Yes,Yes,Fiber optic,No,Yes,No,No,Yes,No,Month-to-month,No,Electronic check,129.05,715.91,1
Male,0,No,No,19,No,No phone service,DSL,No,No,Yes,No,No,No,One year,Yes,Credit card (automatic),43.79,787.27,1
Female,0,Yes,Yes,27,Yes,Yes,DSL,Yes,Yes,Yes,No,Yes,No,Month-to-month,Yes,Bank transfer (automatic),105.85,2601.7,1
Male,0,No,No,23,Yes,Yes,DSL,No,Yes,Yes,No,Yes,Yes,Month-to-month,Yes,Electronic check,149.71,3539.75,1
Female,0,Yes,Yes,11,Yes,No,Fiber optic,No,No,No,No,No,No,Month-to-month,Yes,Electronic check,102.08,1061.05,1
Female,0,Yes,No,16,No,No phone service,DSL,No,Yes,No,Yes,No,No,One year,No,Bank transfer (automatic),51.4,769.77,1
Male,0,No,No,8,No,No phone service,Fiber optic,No,Yes,Yes,No,No,Yes,One year,Yes,Electronic check,63.44,465.76,1
Female,0,Yes,No,24,Yes,Yes,DSL,No,Yes,No,Yes,No,Yes,Month-to-month,Yes,Credit card (automatic),136.81,3022.94,0
Female,0,No,No,3,Yes,Yes,Fiber optic,No,No,No,No,No,No,Month-to-month,Yes,Credit card (automatic),106.58,325.15,1
Female,0,Yes,No,28,Yes,Yes,DSL,No,Yes,Yes,Yes,Yes,Yes,Month-to-month,Yes,Electronic check,120.78,3509.14,1
Male,0,Yes,No,5,Yes,Yes,Fiber optic,No,No,Yes,No,Yes,Yes,Month-to-month,Yes,Electronic check,148.26,726.09,1
Female,0,No,No,20,Yes,No,DSL,No internet service,No internet service,No internet service,No internet service,No internet service,No internet service,One year,No,Credit card (automatic),28.64,570.5,1
Female,0,No,No,3,Yes,No,Fiber optic,No internet service,No internet service,No internet service,No internet service,No internet service,No internet service,One year,No,Mailed check,29.36,91.36,0
Male,0,No,Yes,2,Yes,No,Fiber optic,No internet service,No internet service,No internet service,No internet service,No internet service,No internet service,One year,No,Electronic check,28.56,51.61,1
Male,0,Yes,No,26,Yes,Yes,DSL,No,Yes,Yes,No,Yes,Yes,Month-to-month,Yes,Electronic check,152.25,3818.47,0
Female,0,Yes,No,1,Yes,Yes,Fiber optic,No,No,Yes,Yes,Yes,Yes,Month-to-month,Yes,Electronic check,151.38,165.7,1
Female,0,No,No,16,Yes,Yes,DSL,Yes,Yes,Yes,Yes,Yes,Yes,Month-to-month,Yes,Credit card (automatic),166.02,2698.88,1
Male,0,No,No,4,Yes,No,Fiber optic,No,No,No,No,No,No,One year,No,Bank transfer (automatic),66.7,253.69,1
Female,0,No,No,6,Yes,Yes,Fiber optic,No,No,Yes,No,No,Yes,Month-to-month,Yes,Mailed check,94.54,569.71,1
Male,0,No,No,6,Yes,Yes,Fiber optic,No,Yes,No,Yes,No,No,Month-to-month,Yes,Electronic check,84.97,493.78,1
Female,0,Yes,No,3,Yes,No,Fiber optic,No,No,No,No,Yes,Yes,Month-to-month,No,Electronic check,129.7,391.61,1
Male,1,Yes,No,28,Yes,Yes,DSL,No internet service,No internet service,No internet service,No internet service,No internet service,No internet service,One year,No,Bank transfer (automatic),34.73,899.65,0
Male,0,Yes,Yes,20,No,No phone service,DSL,Yes,No,Yes,No,No,Yes,One year,No,Electronic check,64.16,1188.94,1
Female,0,Yes,Yes,25,Yes,No,DSL,No internet service,No internet service,No internet service,No internet service,No internet service,No internet service,One year,No,Electronic check,29.0,673.31,1
Male,1,No,No,1,Yes,Yes,Fiber optic,No,No,Yes,No,Yes,No,Month-to-month,No,Electronic check,132.02,143.63,1
Male,0,No,No,11,Yes,Yes,Fiber optic,No,Yes,No,No,Yes,Yes,Month-to-month,No,Mailed check,145.29,1672.63,1
Male,0,Yes,Yes,1,Yes,No,Fiber optic,No internet service,No internet service,No internet service,No internet service,No internet service,No internet service,One year,No,Credit card (automatic),28.49,26.57,1
Female,0,No,No,27,Yes,Yes,DSL,No,Yes,Yes,No,Yes,Yes,Month-to-month,Yes,Electronic check,116.94,2960.58,1
Male,0,No,Yes,1,Yes,No,Fiber optic,No,No,No,No,No,No,Month-to-month,No,Electronic check,100.99,105.65,1
Male,0,Yes,No,6,No,No phone service,Fiber optic,No,No,Yes,Yes,Yes,Yes,Month-to-month,No,Mailed check,79.17,442.35,1
Male,0,No,No,9,Yes,No,Fiber optic,Yes,No,No,Yes,No,No,Month-to-month,No,Credit card (automatic),79.68,679.05,1
Male,1,No,No,22,Yes,No,DSL,,No,Yes,Yes,No,No,Month-to-month,Yes,Electronic check,77.58,1864.92,0
Female,0,Yes,Yes,22,Yes,No,DSL,Yes,Yes,No,No,No,No,Month-to-month,No,Electronic check,80.76,1689.77,0
Male,1,No,No,8,Yes,No,Fiber optic,No,No,Yes,No,Yes,Yes,Month-to-month,Yes,Electronic check,140.36,1159.18,1
Female,0,Yes,No,11,Yes,No,Fiber optic,Yes,No,No,No,Yes,Yes,Month-to-month,Yes,Bank transfer (automatic),133.91,1614.02,0
Male,0,Yes,No,12,Yes,No,Fiber optic,No,No,Yes,No,Yes,Yes,Month-to-month,Yes,Electronic check,136.01,1591.09,1
Female,1,No,No,8,Yes,Yes,Fiber optic,No,No,No,No,Yes,Yes,Month-to-month,Yes,Electronic check,136.66,987.78,1
Female,0,Yes,No,23,No,No phone service,DSL,Yes,Yes,No,No,Yes,No,One year,Yes,Mailed check,65.76,1435.09,0
Male,1,No,No,28,No,No phone service,DSL,Yes,Yes,No,No,Yes,Yes,Month-to-month,Yes,Bank transfer (automatic),81.85,2443.46,0
Female,0,Yes,Yes,20,No,No phone service,DSL,No,No,Yes,Yes,Yes,Yes,Month-to-month,Yes,Electronic check,81.42,1747.15,0
Male,0,Yes,No,20,Yes,No,DSL,No internet service,No internet service,No internet service,No internet service,No internet service,No internet service,One year,No,Bank transfer (automatic),28.71,605.04,1
Female,0,Yes,Yes,25,Yes,Yes,DSL,Yes,No,No,Yes,Yes,Yes,Month-to-month,Yes,Electronic check,151.38,3491.66,1
Male,0,No,No,2,Yes,Yes,Fiber optic,No internet service,No internet service,No internet service,No internet service,No internet service,No internet service,One year,Yes,Electronic check,36.32,76.93,1
Female,0,No,No,1,No,No phone service,Fiber optic,Yes,No,Yes,Yes,No,Yes,One year,No,Electronic check,69.96,75.82,1
Male,0,No,Yes,15,Yes,Yes,DSL,No,No,No,Yes,Yes,Yes,Month-to-month,No,Mailed check,145.8,2231.01,1
Male,1,No,No,26,Yes,Yes,DSL,Yes,Yes,No,Yes,No,No,Month-to-month,Yes,Electronic check,93.6,2648.18,0
Male,0,Yes,Yes,28,Yes,No,DSL,Yes,No,Yes,Yes,Yes,Yes,Month-to-month,Yes,Bank transfer (automatic),152.1,4537.19,1
Male,0,Yes,Yes,12,Yes,No,Fiber optic,No internet service,No internet service,No internet service,No internet service,No internet service,No internet service,One year,No,Mailed check,27.48,340.77,1
Male,0,No,No,2,No,No phone service,Fiber optic,No,No,Yes,Yes,No,No,One year,Yes,Mailed check,51.48,104.55,1
Male,0,Yes,No,1,Yes,No,Fiber optic,No,Yes,No,Yes,No,Yes,Month-to-month,Yes,Bank transfer (automatic),93.09,90.27,1
Female,1,Yes,No,26,Yes,Yes,DSL,Yes,No,Yes,No,Yes,Yes,Month-to-month,No,Bank transfer (automatic),152.61,3697.48,0
Female,0,Yes,Yes,20,Yes,No,DSL,No internet service,No internet service,No internet service,No internet service,No internet service,No internet service,One year,No,Electronic check,28.93,590.75,0
Male,0,No,No,1,Yes,No,Fiber optic,No,No,No,Yes,No,No,One year,No,Electronic check,74.31,71.61,1
Female,0,No,No,4,Yes,Yes,Fiber optic,No,Yes,Yes,No,No,Yes,Month-to-month,Yes,Credit card (automatic),137.53,590.44,1
Female,0,Yes,No,28,Yes,Yes,DSL,No,Yes,Yes,Yes,Yes,Yes,Month-to-month,Yes,Electronic check,120.78,3715.52,1
Female,0,No,No,3,Yes,No,Fiber optic,,No,No,No,Yes,Yes,Month-to-month,Yes,Mailed check,131.66,414.92,1
Female,1,No,No,16,Yes,Yes,DSL,,Yes,Yes,No,Yes,Yes,Month-to-month,Yes,Credit card (automatic),151.38,2223.7,1
Male,1,Yes,No,2,Yes,No,Fiber optic,No,No,No,No,Yes,Yes,Month-to-month,Yes,Electronic check,129.78,248.59,1
Female,0,No,No,5,Yes,No,Fiber optic,No,Yes,Yes,No,No,No,Month-to-month,Yes,Mailed check,117.67,542.35,1
Male,0,No,No,1,Yes,No,Fiber optic,No,No,Yes,Yes,Yes,No,Month-to-month,Yes,Electronic check,128.11,131.97,1
Male,1,Yes,No,24,Yes,No,DSL,No,Yes,Yes,No,Yes,Yes,Month-to-month,Yes,Electronic check,142.03,3589.51,0
Male,0,No,No,1,No,No phone service,Fiber optic,Yes,No,Yes,Yes,No,No,One year,No,Electronic check,59.96,65.06,1
Male,0,Yes,Yes,16,Yes,No,DSL,No internet service,No internet service,No internet service,No internet service,No internet service,No internet service,One year,No,Electronic check,28.28,446.88,1
Male,0,No,No,2,Yes,Yes,Fiber optic,No internet service,No internet service,No internet service,No internet service,No internet service,No internet service,One year,Yes,Mailed check,36.32,78.47,1
Male,1,Yes,Yes,25,Yes,Yes,DSL,No internet service,No internet service,No internet service,No internet service,No internet service,No internet service,One year,Yes,Bank transfer (automatic),35.38,951.35,0
Female,1,Yes,No,8,Yes,Yes,Fiber optic,No,No,Yes,No,Yes,No,Month-to-month,No,Bank transfer (automatic),131.66,1014.77,1
Male,0,Yes,Yes,6,Yes,No,Fiber optic,No,Yes,Yes,Yes,No,Yes,Month-to-month,Yes,Electronic check,100.78,649.29,1
Male,0,No,No,24,Yes,Yes,DSL,No,No,Yes,No,Yes,Yes,Month-to-month,Yes,Electronic check,140.29,3283.24,0
Female,0,No,No,6,Yes,Yes,Fiber optic,No,No,No,No,No,No,One year,Yes,Mailed check,71.19,409.79,1
Male,0,Yes,Yes,3,Yes,Yes,Fiber optic,No,No,Yes,No,Yes,No,Month-to-month,Yes,Electronic check,131.01,404.75,1
Male,0,Yes,Yes,9,Yes,Yes,Fiber optic,No internet service,No internet service,No internet service,No internet service,No internet service,No internet service,One year,No,Credit card (automatic),35.31,306.88,0
Male,0,Yes,Yes,28,No,No phone service,DSL,Yes,Yes,Yes,Yes,Yes,Yes,Month-to-month,Yes,Bank transfer (automatic),94.61,2718.07,1
Male,0,Yes,No,5,Yes,Yes,Fiber optic,No,No,Yes,No,Yes,Yes,Month-to-month,Yes,Mailed check,109.18,557.89,1
Male,0,Yes,No,4,Yes,No,Fiber optic,No,No,No,No,Yes,No,Month-to-month,Yes,Credit card (automatic),115.93,469.6,1
Female,0,No,No,1,Yes,Yes,Fiber optic,No,No,No,No,No,No,Month-to-month,No,Electronic check,110.34,107.7,1
Female,1,Yes,No,21,Yes,Yes,DSL,No,Yes,No,No,Yes,Yes,Month-to-month,Yes,Mailed check,147.17,3120.55,1
Male,0,Yes,Yes,1,Yes,No,Fiber optic,No internet service,No internet service,No internet service,No internet service,No internet service,No internet service,One year,Yes,Electronic check,29.22,29.78,1
Female,0,Yes,No,28,Yes,No,DSL,No internet service,No internet service,No internet service,No internet service,No internet service,No internet service,One year,No,Credit card (automatic),28.78,813.2,0
Male,0,No,No,1,Yes,No,Fiber optic,No,No,No,No,Yes,Yes,Month-to-month,Yes,Electronic check,128.25,126.82,1
Male,1,Yes,No,17,Yes,Yes,DSL,No,Yes,No,Yes,Yes,No,Month-to-month,Yes,Mailed check,136.73,2098.79,0
Male,1,Yes,No,26,Yes,Yes,DSL,Yes,Yes,No,No,Yes,No,Month-to-month,Yes,Bank transfer (automatic),134.42,3555.77,1
Male,1,Yes,No,16,Yes,No,DSL,No,Yes,No,No,Yes,Yes,Month-to-month,Yes,Electronic check,137.1,2048.14,1
Female,0,Yes,No,28,Yes,Yes,DSL,No,Yes,Yes,Yes,Yes,Yes,Month-to-month,Yes,Electronic check,158.78,4572.61,0
Male,0,No,No,26,Yes,Yes,DSL,No internet service,No internet service,No internet service,No internet service,No internet service,No internet service,One year,Yes,Bank transfer (automatic),36.4,995.49,0
Male,0,No,Yes,25,No,No phone service,DSL,Yes,Yes,No,Yes,No,No,One year,Yes,Electronic check,58.87,1471.88,1
Male,0,No,Yes,1,Yes,No,Fiber optic,No,No,No,No,No,No,One year,Yes,Electronic check,64.38,64.93,0
Male,0,Yes,Yes,22,Yes,Yes,DSL,Yes,Yes,No,Yes,No,Yes,Month-to-month,Yes,Electronic check,109.98,2638.04,1
Female,0,No,No,1,Yes,No,Fiber optic,No,No,No,Yes,No,No,One year,Yes,Electronic check,72.35,77.37,1
Male,0,No,No,13,No,No phone service,Fiber optic,No,Yes,No,No,Yes,No,One year,Yes,Bank transfer (automatic),56.7,798.17,0
Female,0,Yes,Yes,11,Yes,No,Fiber optic,No internet service,No internet service,No internet service,No internet service,No internet service,No internet service,One year,Yes,Electronic check,28.35,331.42,1
Male,1,Yes,No,28,Yes,Yes,DSL,Yes,Yes,Yes,Yes,Yes,Yes,Month-to-month,Yes,Electronic check,166.02,4284.97,1
Male,1,Yes,No,28,Yes,Yes,DSL,Yes,Yes,Yes,Yes,No,No,Month-to-month,Yes,Electronic check,134.92,3512.56,1
Female,0,Yes,No,22,Yes,Yes,DSL,No,Yes,Yes,Yes,Yes,No,Month-to-month,No,Electronic check,108.17,2392.41,1
Male,0,Yes,No,28,Yes,Yes,DSL,Yes,Yes,Yes,Yes,Yes,Yes,Month-to-month,Yes,Electronic check,130.86,3478.0,1
Male,1,Yes,No,16,Yes,No,DSL,Yes,Yes,Yes,Yes,Yes,No,Month-to-month,Yes,Electronic check,142.32,2266.51,0
Female,0,No,Yes,1,Yes,Yes,Fiber optic,No,No,Yes,Yes,No,No,Month-to-month,Yes,Electronic check,126.29,123.62,1
Male,0,Yes,Yes,1,Yes,Yes,Fiber optic,No internet service,No internet service,No internet service,No internet service,No internet service,No internet service,One year,No,Electronic check,34.94,35.29,0
Male,0,Yes,No,3,No,No phone service,Fiber optic,No,No,No,No,No,No,One year,No,Mailed check,34.94,110.0,1
Male,0,No,Yes,1,Yes,No,Fiber optic,No internet service,No internet service,No internet service,No internet service,No internet service,No internet service,One year,Yes,Electronic check,29.07,30.32,1
Male,0,Yes,No,1,Yes,No,Fiber optic,No,No,No,Yes,Yes,No,Month-to-month,Yes,Mailed check,122.96,123.48,1
Male,0,No,No,15,Yes,Yes,DSL,Yes,Yes,No,No,Yes,Yes,Month-to-month,Yes,Electronic check,152.03,2427.49,1
Male,0,No,No,6,Yes,Yes,Fiber optic,Yes,No,No,No,Yes,Yes,Month-to-month,Yes,Electronic check,144.56,855.37,1
Male,0,No,No,20,Yes,Yes,DSL,No,Yes,Yes,No,Yes,Yes,Month-to-month,Yes,Mailed check,149.42,3225.51,1
Female,0,Yes,Yes,28,Yes,Yes,DSL,Yes,No,No,No,No,Yes,Month-to-month,No,Electronic check,94.54,2420.15,1
Female,0,No,No,1,Yes,No,Fiber optic,No internet service,No internet service,No internet service,No internet service,No internet service,No internet service,One year,No,Bank transfer (automatic),28.85,31.47,0
Male,1,Yes,Yes,17,Yes,Yes,DSL,No,Yes,Yes,Yes,Yes,Yes,Month-to-month,Yes,Mailed check,160.59,2814.49,0
Male,0,No,No,21,Yes,No,DSL,No internet service,No internet service,No internet service,No internet service,No internet service,No internet service,One year,No,Electronic check,29.0,594.39,0
Male,1,Yes,Yes,25,Yes,Yes,DSL,No internet service,No internet service,No internet service,No internet service,No internet service,No internet service,One year,Yes,Bank transfer (automatic),35.38,830.93,1
Male,1,Yes,No,17,Yes,No,DSL,No,Yes,Yes,No,Yes,Yes,Month-to-month,Yes,Mailed check,145.8,2468.28,1
Male,0,No,Yes,2,Yes,No,Fiber optic,No internet service,No internet service,No internet service,No internet service,No internet service,No internet service,One year,No,Electronic check,28.49,53.5,1
Female,1,Yes,No,5,Yes,Yes,Fiber optic,No,Yes,No,No,Yes,Yes,Month-to-month,Yes,Electronic check,145.29,677.97,1
Female,0,Yes,Yes,6,No,No phone service,Fiber optic,No,No,No,No,No,Yes,One year,Yes,Electronic check,51.48,316.13,1
Male,0,Yes,Yes,17,Yes,No,DSL,No internet service,No internet service,No internet service,No internet service,No internet service,No internet service,One year,Yes,Bank transfer (automatic),29.72,507.57,0
Male,0,Yes,No,28,Yes,Yes,DSL,No,Yes,Yes,No,Yes,Yes,Month-to-month,Yes,Mailed check,153.26,4437.27,1
Female,0,No,No,5,Yes,No,Fiber optic,No,No,No,No,Yes,No,Month-to-month,Yes,Credit card (automatic),118.76,644.82,1
Male,0,No,No,4,Yes,No,Fiber optic,No,No,No,No,No,Yes,Month-to-month,Yes,Mailed check,115.93,466.71,1
Female,0,No,No,1,Yes,Yes,Fiber optic,No,No,No,No,No,Yes,Month-to-month,Yes,Electronic check,87.22,88.63,1
Male,0,Yes,Yes,13,Yes,No,Fiber optic,No internet service,No internet service,No internet service,No internet service,No internet service,No internet service,One year,No,Electronic check,29.14,347.73,1
Male,0,Yes,No,1,No,No phone service,Fiber optic,No,No,No,No,No,No,One year,Yes,Mailed check,34.0,35.48,1
Male,0,No,No,1,Yes,No,Fiber optic,No,No,No,No,Yes,No,Month-to-month,Yes,Electronic check,115.35,113.04,1
Female,0,Yes,Yes,28,Yes,Yes,DSL,Yes,Yes,Yes,Yes,No,No,Month-to-month,No,Credit card (automatic),103.09,3161.74,1
Male,1,Yes,No,12,Yes,Yes,Fiber optic,No,No,No,No,No,No,Month-to-month,No,Electronic check,112.96,1443.13,1
Female,1,No,No,22,Yes,Yes,DSL,Yes,Yes,Yes,No,Yes,Yes,Month-to-month,No,Electronic check,160.22,3540.69,0
Male,0,Yes,Yes,2,Yes,No,Fiber optic,No internet service,No internet service,No internet service,No internet service,No internet service,No internet service,One year,No,Mailed check,29.8,55.11,0
Female,0,Yes,No,21,Yes,No,DSL,,No,No,Yes,Yes,Yes,Month-to-month,Yes,Mailed check,135.5,3050.04,1
Female,0,No,Yes,5,Yes,Yes,Fiber optic,Yes,Yes,Yes,Yes,Yes,Yes,Month-to-month,No,Electronic check,128.98,683.57,1
Male,0,No,No,1,Yes,No,Fiber optic,Yes,No,Yes,No,No,No,Month-to-month,Yes,Bank transfer (automatic),79.9,74.86,1
Male,0,No,No,4,Yes,No,Fiber optic,Yes,No,No,Yes,Yes,No,Month-to-month,No,Electronic check,90.26,346.26,1
Female,1,No,No,26,Yes,Yes,DSL,,Yes,Yes,No,Yes,Yes,Month-to-month,No,Mailed check,156.74,4314.38,1
Female,0,Yes,Yes,20,Yes,No,DSL,Yes,No,Yes,No,Yes,Yes,Month-to-month,No,Mailed check,145.44,2725.68,1
Female,0,No,No,8,Yes,No,Fiber optic,No,Yes,Yes,No,No,Yes,Month-to-month,Yes,Bank transfer (automatic),130.57,1131.83,1
Male,0,No,No,3,Yes,No,Fiber optic,No,No,Yes,No,No,No,Month-to-month,Yes,Bank transfer (automatic),107.01,316.18,1
Male,0,No,No,23,No,No phone service,DSL,No,No,No,Yes,Yes,Yes,One year,Yes,Electronic check,74.96,1581.68,1
Female,1,Yes,No,28,Yes,Yes,DSL,Yes,Yes,Yes,Yes,No,No,Month-to-month,Yes,Electronic check,139.71,4158.91,1
Male,0,No,Yes,5,Yes,No,Fiber optic,No,No,No,No,No,No,One year,No,Credit card (automatic),63.8,310.93,1
Female,0,No,No,22,Yes,Yes,DSL,No,Yes,No,Yes,Yes,Yes,Month-to-month,Yes,Electronic check,152.9,3381.63,1
Female,0,No,No,4,Yes,No,Fiber optic,No,Yes,No,No,No,No,One year,No,Credit card (automatic),74.1,273.42,1
Male,1,No,No,1,Yes,No,Fiber optic,No,No,No,No,Yes,No,Month-to-month,Yes,Electronic check,115.86,104.33,1
Female,0,Yes,No,15,Yes,No,DSL,No internet service,No internet service,No internet service,No internet service,No internet service,No internet service,One year,Yes,Mailed check,29.36,452.55,0
Female,0,No,No,11,Yes,Yes,Fiber optic,Yes,No,Yes,No,No,No,Month-to-month,No,Bank transfer (automatic),85.55,943.91,1
Male,0,Yes,Yes,14,Yes,Yes,Fiber optic,No internet service,No internet service,No internet service,No internet service,No internet service,No internet service,One year,No,Credit card (automatic),36.9,526.26,1
Male,1,Yes,No,2,Yes,No,Fiber optic,No,No,No,No,Yes,Yes,Month-to-month,Yes,Electronic check,129.78,274.81,1
Male,0,No,No,3,Yes,Yes,Fiber optic,No,No,No,No,No,Yes,Month-to-month,Yes,Mailed check,125.5,387.54,1
Female,0,No,No,8,Yes,No,Fiber optic,Yes,No,Yes,Yes,No,No,Month-to-month,Yes,Electronic check,87.36,653.42,1
Male,0,Yes,Yes,2,Yes,No,Fiber optic,No,No,No,No,No,No,Month-to-month,Yes,Electronic check,101.43,197.21,1
Male,0,Yes,Yes,8,Yes,Yes,Fiber optic,Yes,No,No,No,Yes,Yes,Month-to-month,Yes,Mailed check,110.06,951.96,1
Female,0,Yes,No,25,Yes,Yes,DSL,No,Yes,Yes,Yes,Yes,Yes,Month-to-month,Yes,Mailed check,157.69,4155.09,1
Female,0,Yes,Yes,1,Yes,No,Fiber optic,No internet service,No internet service,No internet service,No internet service,No internet service,No internet service,One year,Yes,Credit card (automatic),28.93,29.26,1
Female,1,No,No,1,Yes,Yes,Fiber optic,No,No,No,No,Yes,Yes,Month-to-month,Yes,Electronic check,138.4,131.64,1
Female,0,No,No,1,Yes,No,Fiber optic,Yes,No,No,No,No,No,One year,Yes,Electronic check,73.3,70.4,1
Male,0,Yes,Yes,9,Yes,No,Fiber optic,Yes,No,No,Yes,No,No,Month-to-month,No,Electronic check,82.94,781.09,0
Male,0,Yes,Yes,16,No,No phone service,DSL,Yes,No,Yes,Yes,Yes,No,One year,No,Electronic check,69.82,1195.58,0
Male,0,No,No,1,Yes,Yes,Fiber optic,No,Yes,Yes,No,Yes,Yes,Month-to-month,No,Electronic check,156.53,161.9,1
Female,0,Yes,No,22,Yes,No,DSL,No internet service,No internet service,No internet service,No internet service,No internet service,No internet service,One year,Yes,Bank transfer (automatic),28.42,663.95,0
Male,0,Yes,Yes,18,Yes,Yes,DSL,Yes,Yes,No,Yes,Yes,No,Month-to-month,No,Electronic check,107.08,2030.23,1
Male,1,Yes,No,11,Yes,Yes,Fiber optic,No,Yes,No,Yes,Yes,Yes,Month-to-month,Yes,Credit card (automatic),153.41,1569.28,1
Male,0,Yes,Yes,18,Yes,Yes,DSL,No internet service,No internet service,No internet service,No internet service,No internet service,No internet service,One year,No,Credit card (automatic),36.1,639.92,0
Female,0,Yes,No,10,Yes,Yes,Fiber optic,No,Yes,No,No,No,No,Month-to-month,No,Mailed check,114.98,1070.0,1
Male,1,No,No,14,Yes,Yes,Fiber optic,Yes,No,No,No,No,Yes,Month-to-month,No,Credit card (automatic),131.95,1749.48,1
Female,0,No,No,1,Yes,Yes,Fiber optic,No,No,No,No,No,Yes,Month-to-month,Yes,Bank transfer (automatic),87.22,93.66,1
Female,0,No,No,13,Yes,Yes,Fiber optic,,No,No,Yes,No,No,Month-to-month,No,Electronic check,86.13,1113.62,1
Female,0,No,No,8,Yes,No,Fiber optic,No,Yes,No,Yes,Yes,Yes,Month-to-month,Yes,Electronic check,143.77,1158.29,1
Female,1,Yes,No,19,Yes,No,DSL,No,No,No,No,No,No,Month-to-month,Yes,Electronic check,102.44,1821.19,1
Male,0,No,No,1,Yes,No,Fiber optic,,No internet service,No internet service,No internet service,No internet service,No internet service,One year,No,Electronic check,28.42,27.35,1
Male,0,No,No,4,Yes,No,Fiber optic,No internet service,No internet service,No internet service,No internet service,No internet service,No internet service,One year,No,Bank transfer (automatic),28.28,107.02,1
Female,0,No,No,1,No,No phone service,Fiber optic,No,No,No,No,No,No,One year,Yes,Electronic check,36.1,33.98,1
Male,0,Yes,No,10,Yes,No,Fiber optic,Yes,No,No,No,No,No,One year,No,Bank transfer (automatic),70.61,725.58,0
Male,1,Yes,No,17,Yes,Yes,DSL,No,No,Yes,No,Yes,No,Month-to-month,Yes,Mailed check,129.34,2091.87,1
Male,0,No,No,24,Yes,Yes,DSL,No,Yes,No,No,Yes,No,Month-to-month,Yes,Electronic check,130.36,3211.25,1
Female,0,No,No,2,Yes,No,Fiber optic,No,No,No,No,Yes,No,Month-to-month,Yes,Credit card (automatic),117.45,214.16,1
Female,1,Yes,No,26,Yes,Yes,DSL,Yes,Yes,No,No,Yes,Yes,Month-to-month,Yes,Electronic check,153.12,3695.89,1
Male,0,No,Yes,1,Yes,No,Fiber optic,No internet service,No internet service,No internet service,No internet service,No internet service,No internet service,One year,No,Electronic check,28.64,27.35,1
Female,0,Yes,No,1,Yes,No,Fiber optic,No,No,No,No,No,No,One year,Yes,Mailed check,64.67,65.93,1
Male,1,No,No,3,Yes,No,Fiber optic,No,No,No,Yes,No,No,One year,No,Electronic check,71.34,221.55,1
Male,0,Yes,No,6,No,No phone service,Fiber optic,No,No,Yes,Yes,Yes,Yes,Month-to-month,No,Mailed check,79.17,469.58,1
Female,0,No,No,1,Yes,No,Fiber optic,No internet service,No internet service,No internet service,No internet service,No internet service,No internet service,One year,No,Electronic check,28.85,28.54,1
Female,0,No,No,24,Yes,Yes,DSL,No,Yes,Yes,Yes,Yes,Yes,Month-to-month,No,Electronic check,122.52,3072.52,1
Male,0,No,No,25,Yes,Yes,DSL,No,Yes,Yes,Yes,Yes,Yes,Month-to-month,No,Credit card (automatic),125.5,2833.68,1
Female,0,No,No,7,No,No phone service,Fiber optic,No,No,No,No,Yes,Yes,One year,Yes,Electronic check,65.03,440.74,1
Female,0,Yes,No,10,Yes,Yes,Fiber optic,No,No,Yes,No,No,Yes,Month-to-month,No,Electronic check,130.72,1390.52,1
Male,0,No,No,1,Yes,No,Fiber optic,Yes,No,Yes,No,No,No,Month-to-month,No,Electronic check,82.29,83.99,1
Male,0,No,No,3,Yes,No,Fiber optic,,No internet service,No internet service,No internet service,No internet service,No internet service,One year,No,Credit card (automatic),29.36,85.21,1
Male,0,No,No,7,No,No phone service,Fiber optic,No,Yes,Yes,No,No,No,One year,Yes,Electronic check,48.58,367.64,1
Female,0,No,No,7,No,No phone service,Fiber optic,No,No,No,No,Yes,Yes,One year,Yes,Electronic check,65.03,480.03,1
Female,0,No,No,1,Yes,No,Fiber optic,No,No,No,No,No,No,Month-to-month,Yes,Electronic check,102.66,97.83,1
Male,0,Yes,Yes,8,No,No phone service,Fiber optic,No,No,No,No,No,No,One year,Yes,Electronic check,37.77,310.94,1
Male,0,Yes,Yes,22,Yes,No,DSL,No,Yes,No,Yes,No,No,Month-to-month,No,Bank transfer (automatic),115.13,2581.36,1
Male,1,Yes,No,16,Yes,No,DSL,Yes,Yes,Yes,Yes,Yes,No,Month-to-month,Yes,Mailed check,142.32,2232.12,1
Male,1,No,No,1,Yes,No,Fiber optic,No internet service,No internet service,No internet service,No internet service,No internet service,No internet service,One year,No,Electronic check,27.84,27.1,1
Male,0,No,No,9,Yes,No,Fiber optic,,No,No,No,No,No,One year,Yes,Mailed check,74.17,646.64,0
Male,0,No,No,18,Yes,No,DSL,Yes,No,No,No,No,No,One year,Yes,Electronic check,73.8,1359.53,0
Male,0,No,No,4,Yes,No,Fiber optic,No,Yes,Yes,Yes,No,No,Month-to-month,Yes,Credit card (automatic),88.3,349.13,1
Male,0,No,No,1,Yes,No,Fiber optic,No internet service,No internet service,No internet service,No internet service,No internet service,No internet service,One year,No,Credit card (automatic),30.01,32.0,1
Male,0,Yes,No,16,Yes,Yes,DSL,Yes,No,No,No,No,No,Month-to-month,No,Electronic check,81.34,1345.59,1
Male,0,Yes,Yes,18,Yes,Yes,DSL,No,Yes,Yes,No,Yes,Yes,Month-to-month,No,Bank transfer (automatic),114.19,1878.63,1
Male,0,No,No,1,Yes,No,Fiber optic,No,No,No,No,No,No,One year,No,Bank transfer (automatic),66.77,68.64,1
Male,0,No,Yes,2,Yes,No,Fiber optic,No internet service,No internet service,No internet service,No internet service,No internet service,No internet service,One year,No,Electronic check,29.51,56.32,1
Female,0,Yes,Yes,18,Yes,No,DSL,No internet service,No internet service,No internet service,No internet service,No internet service,No internet service,One year,No,Electronic check,29.07,532.97,0
Male,0,Yes,No,28,Yes,Yes,DSL,No,Yes,Yes,No,Yes,No,Month-to-month,Yes,Electronic check,137.75,3995.95,1
Female,0,Yes,No,16,Yes,Yes,DSL,No,Yes,No,No,Yes,No,Month-to-month,No,Bank transfer (automatic),92.66,1402.75,0
Female,0,No,No,1,Yes,No,Fiber optic,No,Yes,No,No,No,No,Month-to-month,Yes,Credit card (automatic),107.74,106.81,1
Female,1,No,No,26,Yes,Yes,DSL,Yes,No,No,No,Yes,Yes,Month-to-month,Yes,Bank transfer (automatic),148.48,3621.38,0
Male,0,Yes,Yes,2,Yes,Yes,Fiber optic,Yes,Yes,No,Yes,No,No,Month-to-month,No,Bank transfer (automatic),93.38,170.04,1
Male,0,No,No,10,Yes,No,Fiber optic,Yes,No,Yes,Yes,Yes,Yes,Month-to-month,No,Mailed check,118.46,1155.81,1
Female,0,No,No,1,Yes,No,Fiber optic,No,No,No,No,No,Yes,Month-to-month,Yes,Bank transfer (automatic),80.18,77.98,1
Male,0,Yes,No,26,Yes,Yes,DSL,No,Yes,Yes,No,Yes,Yes,Month-to-month,Yes,Bank transfer (automatic),152.25,4350.77,1
Male,1,No,No,5,Yes,No,Fiber optic,No,No,No,No,Yes,Yes,Month-to-month,Yes,Electronic check,131.22,649.06,1
Male,0,No,No,10,Yes,Yes,Fiber optic,No,No,Yes,Yes,No,No,Month-to-month,No,Electronic check,86.2,833.31,1
Female,1,Yes,No,5,Yes,Yes,Fiber optic,No,Yes,No,No,Yes,Yes,Month-to-month,Yes,Bank transfer (automatic),145.29,738.14,1
Female,0,Yes,Yes,9,Yes,Yes,Fiber optic,No internet service,No internet service,No internet service,No internet service,No internet service,No internet service,One year,No,Electronic check,36.4,300.66,1
Male,0,No,No,1,Yes,No,Fiber optic,No,Yes,No,No,No,No,Month-to-month,No,Bank transfer (automatic),107.95,117.92,1
Female,0,No,No,24,Yes,Yes,DSL,Yes,No,Yes,Yes,Yes,Yes,Month-to-month,No,Electronic check,125.35,3089.6,1
Female,0,No,No,14,Yes,Yes,Fiber optic,No,No,Yes,No,Yes,Yes,Month-to-month,Yes,Electronic check,145.36,2138.76,1
Female,1,Yes,No,22,Yes,Yes,DSL,No,Yes,Yes,No,No,Yes,Month-to-month,No,Bank transfer (automatic),136.3,2800.98,1
Male,0,Yes,No,26,No,No phone service,DSL,Yes,Yes,No,Yes,No,Yes,One year,Yes,Electronic check,73.88,1886.1,0
Male,0,No,No,8,Yes,No,Fiber optic,,Yes,No,No,No,No,Month-to-month,Yes,Electronic check,75.11,591.59,1
Female,1,No,No,6,Yes,Yes,Fiber optic,No,No,No,No,Yes,Yes,Month-to-month,Yes,Electronic check,139.42,890.36,1
Male,1,Yes,No,17,Yes,Yes,DSL,No,Yes,No,Yes,Yes,No,Month-to-month,Yes,Bank transfer (automatic),136.73,2092.54,1
Female,0,Yes,Yes,19,Yes,Yes,DSL,No,Yes,Yes,Yes,Yes,Yes,Month-to-month,Yes,Electronic check,156.53,2855.61,0
Male,0,No,No,22,Yes,No,DSL,No internet service,No internet service,No internet service,No internet service,No internet service,No internet service,One year,No,Credit card (automatic),29.94,722.08,1
Male,0,No,No,10,Yes,No,Fiber optic,No,No,No,Yes,Yes,No,Month-to-month,No,Electronic check,86.2,857.67,1
Female,1,Yes,No,10,Yes,No,Fiber optic,Yes,No,No,No,No,No,Month-to-month,Yes,Credit card (automatic),109.04,1064.78,1
Male,0,Yes,Yes,16,Yes,No,DSL,No internet service,No internet service,No internet service,No internet service,No internet service,No internet service,One year,No,Credit card (automatic),30.01,443.65,1
Female,0,Yes,Yes,1,Yes,No,Fiber optic,No internet service,No internet service,No internet service,No internet service,No internet service,No internet service,One year,Yes,Electronic check,28.93,31.67,1
Male,1,No,No,1,Yes,Yes,Fiber optic,No,Yes,Yes,No,Yes,Yes,Month-to-month,Yes,Electronic check,152.25,137.63,1
Female,0,Yes,Yes,6,Yes,No,Fiber optic,No,Yes,No,No,No,No,Month-to-month,No,Electronic check,106.21,667.49,1
Female,0,No,No,3,Yes,No,Fiber optic,No,No,No,No,No,No,Month-to-month,No,Mailed check,100.12,316.5,1
Female,0,Yes,Yes,28,Yes,Yes,DSL,No internet service,No internet service,No internet service,No internet service,No internet service,No internet service,One year,No,Electronic check,34.65,920.46,0
Male,0,No,Yes,20,Yes,Yes,DSL,No internet service,No internet service,No internet service,No internet service,No internet service,No internet service,One year,No,Electronic check,37.12,767.87,0
Male,0,Yes,Yes,19,No,No phone service,DSL,Yes,No,No,No,No,Yes,One year,Yes,Electronic check,56.84,992.04,0
Female,0,No,No,5,Yes,Yes,Fiber optic,No,Yes,No,No,No,No,Month-to-month,Yes,Electronic check,78.66,374.19,1
Female,0,No,No,1,Yes,No,Fiber optic,No internet service,No internet service,No internet service,No internet service,No internet service,No internet service,One year,No,Electronic check,28.71,30.36,1
Male,0,Yes,Yes,25,Yes,Yes,DSL,Yes,Yes,Yes,No,No,No,Month-to-month,Yes,Mailed check,133.11,3570.47,1
Female,0,No,No,22,Yes,Yes,DSL,Yes,No,Yes,No,No,No,Month-to-month,Yes,Credit card (automatic),122.16,2745.83,1
Male,0,No,No,1,Yes,No,Fiber optic,No,No,No,No,No,No,Month-to-month,No,Electronic check,102.52,102.66,1
Male,0,Yes,Yes,26,Yes,Yes,DSL,No,Yes,Yes,No,No,No,Month-to-month,No,Electronic check,126.73,3070.46,1
Female,0,Yes,No,1,Yes,No,Fiber optic,No,No,No,No,No,No,Month-to-month,Yes,Electronic check,102.08,93.16,1
Female,0,Yes,No,25,No,No phone service,DSL,Yes,No,Yes,Yes,No,Yes,One year,No,Bank transfer (automatic),69.38,1601.86,0
Female,0,No,No,9,Yes,No,Fiber optic,No,Yes,No,Yes,No,No,Month-to-month,Yes,Credit card (automatic),114.7,976.01,1
Male,0,Yes,Yes,26,Yes,No,DSL,No internet service,No internet service,No internet service,No internet service,No internet service,No internet service,One year,Yes,Bank transfer (automatic),30.16,759.33,1
Female,0,Yes,Yes,1,Yes,No,Fiber optic,No,No,No,No,No,No,Month-to-month,No,Credit card (automatic),102.08,99.65,1
Male,1,No,No,1,Yes,No,Fiber optic,No,Yes,Yes,Yes,No,Yes,Month-to-month,Yes,Electronic check,137.89,133.65,1
Female,0,Yes,Yes,4,Yes,Yes,Fiber optic,No internet service,No internet service,No internet service,No internet service,No internet service,No internet service,One year,No,Bank transfer (automatic),36.61,138.8,1
Female,0,No,No,22,Yes,No,DSL,No internet service,No internet service,No internet service,No internet service,No internet service,No internet service,One year,No,Bank transfer (automatic),28.56,629.54,0
Female,0,Yes,No,3,Yes,Yes,Fiber optic,,No,No,No,No,Yes,Month-to-month,Yes,Electronic check,123.54,394.73,1
Male,0,No,Yes,1,Yes,No,Fiber optic,Yes,No,Yes,No,No,No,Month-to-month,No,Credit card (automatic),81.05,77.48,1
Male,0,Yes,No,26,Yes,Yes,DSL,No internet service,No internet service,No internet service,No internet service,No internet service,No internet service,One year,No,Electronic check,36.03,1019.66,1
Male,0,No,No,1,Yes,No,Fiber optic,No,No,No,No,Yes,Yes,Month-to-month,Yes,Mailed check,133.4,143.36,1
Female,0,No,No,28,Yes,Yes,DSL,No internet service,No internet service,No internet service,No internet service,No internet service,No internet service,One year,No,Electronic check,36.9,963.31,0
Male,0,No,No,20,Yes,Yes,DSL,Yes,No,Yes,Yes,Yes,Yes,Month-to-month,Yes,Electronic check,158.48,3351.08,1
Male,1,Yes,No,8,Yes,Yes,Fiber optic,No,Yes,No,Yes,Yes,Yes,Month-to-month,No,Mailed check,155.22,1260.28,1
Male,1,Yes,No,27,No,No phone service,DSL,Yes,Yes,No,No,Yes,Yes,Month-to-month,No,Electronic check,82.0,2243.48,1
Female,1,Yes,No,28,Yes,Yes,DSL,Yes,Yes,No,No,Yes,Yes,Month-to-month,Yes,Electronic check,154.93,4243.51,1
Male,0,No,No,1,Yes,No,Fiber optic,No internet service,No internet service,No internet service,No internet service,No internet service,No internet service,One year,Yes,Electronic check,30.09,30.1,1
Male,0,No,Yes,1,Yes,No,Fiber optic,No internet service,No internet service,No internet service,No internet service,No internet service,No internet service,One year,Yes,Bank transfer (automatic),30.52,29.89,1
Male,0,No,No,4,Yes,Yes,Fiber optic,No internet service,No internet service,No internet service,No internet service,No internet service,No internet service,One year,No,Electronic check,36.18,145.87,0
Male,0,No,No,2,Yes,No,Fiber optic,No internet service,No internet service,No internet service,No internet service,No internet service,No internet service,One year,No,Electronic check,27.48,56.37,1
Female,0,No,No,1,Yes,Yes,Fiber optic,No,No,No,No,Yes,Yes,Month-to-month,Yes,Credit card (automatic),137.17,141.95,1
Female,0,Yes,Yes,27,No,No phone service,DSL,No,Yes,Yes,No,Yes,Yes,Month-to-month,Yes,Bank transfer (automatic),79.68,2165.34,0
Female,0,No,No,20,Yes,No,DSL,No,No,No,No,Yes,Yes,Month-to-month,No,Electronic check,126.95,2651.44,0
Male,0,No,No,3,Yes,Yes,Fiber optic,No,No,No,No,Yes,No,Month-to-month,Yes,Bank transfer (automatic),123.76,344.64,1
Male,0,Yes,No,16,Yes,Yes,DSL,No,Yes,Yes,No,Yes,No,Month-to-month,Yes,Bank transfer (automatic),138.11,2082.47,1
Male,0,Yes,Yes,15,Yes,No,DSL,,No,Yes,Yes,Yes,Yes,Month-to-month,No,Bank transfer (automatic),117.45,1874.06,1
Male,1,Yes,Yes,16,Yes,Yes,DSL,No,Yes,Yes,Yes,Yes,Yes,Month-to-month,Yes,Electronic check,162.33,2505.09,1
Female,0,No,No,1,Yes,Yes,Fiber optic,No,No,No,No,Yes,Yes,Month-to-month,Yes,Electronic check,137.17,124.08,1
Male,1,No,Yes,2,Yes,No,Fiber optic,No,No,No,No,No,No,One year,Yes,Electronic check,66.34,123.49,1
Male,1,No,No,1,Yes,No,Fiber optic,,No,No,No,No,No,One year,No,Electronic check,65.61,61.98,1
Female,0,Yes,Yes,13,No,No phone service,Fiber optic,Yes,No,Yes,Yes,Yes,Yes,Month-to-month,No,Electronic check,88.81,1260.13,1
Female,0,No,No,2,Yes,No,Fiber optic,No,No,No,Yes,No,No,One year,Yes,Electronic check,73.66,149.47,1
Male,0,Yes,Yes,28,Yes,Yes,DSL,Yes,No,Yes,Yes,No,No,Month-to-month,Yes,Mailed check,96.42,2933.41,1
Male,0,No,No,5,Yes,No,Fiber optic,No internet service,No internet service,No internet service,No internet service,No internet service,No internet service,One year,Yes,Electronic check,28.93,146.82,1
Male,0,No,No,4,No,No phone service,Fiber optic,No,Yes,No,Yes,No,No,One year,No,Electronic check,49.3,196.39,1
Male,0,No,Yes,10,Yes,No,Fiber optic,No internet service,No internet service,No internet service,No internet service,No internet service,No internet service,One year,No,Bank transfer (automatic),29.87,287.57,0
Female,0,Yes,No,4,No,No phone service,Fiber optic,No,No,Yes,No,Yes,Yes,One year,Yes,Electronic check,72.28,295.27,1
Female,0,Yes,Yes,28,Yes,Yes,DSL,No internet service,No internet service,No internet service,No internet service,No internet service,No internet service,One year,Yes,Electronic check,38.06,988.78,1
Female,0,Yes,Yes,28,Yes,No,DSL,Yes,Yes,Yes,Yes,No,Yes,Month-to-month,Yes,Bank transfer (automatic),107.81,3259.12,1
Male,1,Yes,No,20,Yes,Yes,DSL,Yes,Yes,Yes,No,Yes,No,Month-to-month,Yes,Electronic check,147.76,3149.85,1
Female,0,No,No,16,Yes,Yes,DSL,Yes,No,Yes,No,Yes,Yes,Month-to-month,Yes,Mailed check,152.54,2351.57,0
Male,0,Yes,Yes,14,Yes,No,Fiber optic,No internet service,No internet service,No internet service,No internet service,No internet service,No internet service,One year,No,Bank transfer (automatic),29.72,453.76,1
Male,1,Yes,No,11,Yes,Yes,Fiber optic,No,No,No,No,Yes,Yes,Month-to-month,Yes,Electronic check,136.95,1604.43,1
Female,1,No,No,26,Yes,Yes,DSL,,No,Yes,Yes,Yes,Yes,Month-to-month,Yes,Bank transfer (automatic),149.13,4006.35,1
Female,0,No,No,16,Yes,No,DSL,,No internet service,No internet service,No internet service,No internet service,No internet service,One year,No,Electronic check,29.94,442.8,1
Male,0,Yes,Yes,23,No,No phone service,DSL,Yes,No,Yes,No,No,No,One year,No,Electronic check,50.46,1155.53,1
Male,1,Yes,No,10,Yes,Yes,Fiber optic,No,Yes,Yes,Yes,Yes,Yes,Month-to-month,Yes,Electronic check,122.96,1231.1,1
Female,0,No,No,16,Yes,Yes,DSL,No,No,No,No,No,Yes,Month-to-month,No,Electronic check,121.58,1841.23,1
Male,0,No,No,2,Yes,No,Fiber optic,No,Yes,No,No,No,No,One year,Yes,Credit card (automatic),74.46,136.41,0
Male,0,No,No,24,No,No phone service,DSL,Yes,Yes,Yes,Yes,No,No,One year,Yes,Electronic check,63.36,1604.8,0
Male,0,Yes,Yes,28,Yes,No,DSL,No internet service,No internet service,No internet service,No internet service,No internet service,No internet service,One year,No,Electronic check,28.13,728.1,0
Female,0,Yes,Yes,22,Yes,Yes,DSL,Yes,No,Yes,No,No,Yes,Month-to-month,Yes,Electronic check,99.69,2234.54,1
Male,0,Yes,No,16,Yes,Yes,DSL,No,Yes,No,No,No,No,Month-to-month,Yes,Electronic check,116.36,2024.27,1
Male,0,Yes,Yes,4,Yes,No,Fiber optic,No,No,No,No,No,Yes,Month-to-month,No,Electronic check,77.79,334.57,1
Female,0,No,Yes,10,Yes,No,Fiber optic,No internet service,No internet service,No internet service,No internet service,No internet service,No internet service,One year,No,Electronic check,29.07,277.78,1
Male,0,Yes,No,15,Yes,Yes,DSL,Yes,No,No,No,Yes,No,Month-to-month,No,Mailed check,132.96,2134.59,0
Female,0,No,Yes,10,Yes,No,Fiber optic,No internet service,No internet service,No internet service,No internet service,No internet service,No internet service,One year,No,Electronic check,29.07,261.65,1
Female,0,No,No,7,Yes,No,Fiber optic,No internet service,No internet service,No internet service,No internet service,No internet service,No internet service,One year,Yes,Electronic check,28.35,179.31,1
Female,0,Yes,Yes,6,Yes,Yes,Fiber optic,Yes,No,Yes,Yes,Yes,Yes,Month-to-month,Yes,Electronic check,163.78,1002.84,1
Male,0,No,No,6,Yes,Yes,Fiber optic,No internet service,No internet service,No internet service,No internet service,No internet service,No internet service,One year,Yes,Electronic check,38.21,223.06,1
Male,0,No,No,1,No,No phone service,Fiber optic,No,No,No,Yes,No,No,One year,No,Bank transfer (automatic),43.28,42.3,1
Female,0,Yes,Yes,19,Yes,Yes,DSL,No,No,No,No,Yes,Yes,Month-to-month,Yes,Electronic check,138.62,2667.72,1
Female,0,No,No,2,Yes,Yes,Fiber optic,Yes,No,No,No,No,No,Month-to-month,Yes,Electronic check,78.01,146.4,1
Female,0,Yes,No,28,Yes,Yes,DSL,Yes,Yes,Yes,Yes,Yes,Yes,Month-to-month,No,Electronic check,133.4,3519.87,1
Male,1,Yes,No,24,Yes,Yes,DSL,No internet service,No internet service,No internet service,No internet service,No internet service,No internet service,One year,No,Mailed check,36.25,867.32,1
Male,0,No,No,20,Yes,Yes,DSL,No,Yes,No,No,No,No,Month-to-month,No,Mailed check,117.45,2468.45,1
Female,1,No,No,1,Yes,No,Fiber optic,No,No,Yes,No,Yes,No,Month-to-month,Yes,Electronic check,125.93,128.94,1
Female,0,Yes,No,7,Yes,Yes,Fiber optic,No,Yes,No,No,No,Yes,Month-to-month,Yes,Bank transfer (automatic),129.2,867.75,1
Male,0,No,No,1,Yes,No,Fiber optic,No internet service,No internet service,No internet service,No internet service,No internet service,No internet service,One year,No,Mailed check,28.78,28.38,0
Female,0,No,No,16,Yes,Yes,DSL,Yes,No,Yes,No,Yes,Yes,Month-to-month,Yes,Bank transfer (automatic),152.54,2279.88,0
Female,1,Yes,No,10,Yes,No,Fiber optic,No,Yes,No,No,No,Yes,Month-to-month,No,Bank transfer (automatic),123.18,1127.01,1
Female,0,No,No,4,Yes,No,Fiber optic,No,No,Yes,Yes,No,Yes,Month-to-month,Yes,Electronic check,129.63,547.84,1
Female,0,No,No,8,Yes,No,Fiber optic,No,Yes,Yes,No,Yes,No,Month-to-month,No,Electronic check,94.61,721.37,0
Male,0,Yes,Yes,17,Yes,No,DSL,No internet service,No internet service,No internet service,No internet service,No internet service,No internet service,One year,Yes,Electronic check,27.84,442.78,0
Female,0,Yes,Yes,24,Yes,Yes,DSL,No,Yes,No,Yes,Yes,Yes,Month-to-month,Yes,Electronic check,153.77,3831.91,1
Male,0,Yes,No,20,Yes,Yes,DSL,Yes,Yes,No,No,No,Yes,Month-to-month,Yes,Credit card (automatic),136.88,2802.24,0
Male,0,No,No,22,Yes,No,DSL,Yes,Yes,No,No,Yes,Yes,Month-to-month,Yes,Electronic check,146.3,3304.34,1
Female,0,No,No,5,Yes,No,Fiber optic,Yes,No,No,Yes,No,No,Month-to-month,No,Electronic check,80.76,381.91,1
Male,0,Yes,Yes,20,Yes,Yes,DSL,No,Yes,Yes,No,Yes,Yes,Month-to-month,Yes,Bank transfer (automatic),150.58,2850.57,1
Male,0,No,Yes,1,Yes,No,Fiber optic,No,No,No,Yes,Yes,Yes,Month-to-month,No,Electronic check,102.52,96.8,1
Female,0,No,No,26,Yes,Yes,DSL,Yes,Yes,No,Yes,No,No,Month-to-month,Yes,Electronic check,130.28,3166.26,1
Female,0,Yes,No,28,Yes,Yes,DSL,Yes,Yes,Yes,No,Yes,Yes,Month-to-month,Yes,Electronic check,119.84,3460.03,0
Female,0,No,No,1,Yes,No,Fiber optic,No,No,No,No,No,No,One year,No,Electronic check,63.51,67.93,1
Male,0,No,No,8,Yes,Yes,Fiber optic,Yes,No,No,No,Yes,Yes,Month-to-month,Yes,Bank transfer (automatic),146.09,1221.15,1
Female,1,Yes,No,16,Yes,Yes,DSL,Yes,No,Yes,No,Yes,Yes,Month-to-month,Yes,Electronic check,152.54,2583.22,1
Female,0,Yes,Yes,5,Yes,Yes,Fiber optic,No,Yes,No,Yes,Yes,Yes,Month-to-month,No,Electronic check,116.65,572.14,1
Male,0,No,No,1,Yes,No,Fiber optic,No,No,No,No,Yes,No,Month-to-month,Yes,Electronic check,116.36,119.95,1
Male,0,Yes,No,26,Yes,Yes,DSL,Yes,Yes,Yes,No,No,No,Month-to-month,No,Electronic check,130.14,3285.0,0
Male,1,Yes,No,1,Yes,Yes,Fiber optic,No,No,No,No,No,No,Month-to-month,No,Mailed check,108.68,109.23,1
Male,0,Yes,Yes,20,No,No phone service,DSL,Yes,Yes,Yes,No,Yes,Yes,Month-to-month,No,Electronic check,85.98,1713.28,1
Male,0,Yes,No,19,Yes,No,DSL,No,Yes,No,No,Yes,Yes,Month-to-month,Yes,Electronic check,137.46,2442.96,1
Male,0,No,No,7,Yes,No,Fiber optic,No,No,No,No,No,No,One year,Yes,Credit card (automatic),65.25,446.43,1
Male,0,Yes,Yes,16,Yes,Yes,DSL,No internet service,No internet service,No internet service,No internet service,No internet service,No internet service,One year,No,Mailed check,36.61,640.1,0
Male,0,Yes,Yes,28,Yes,Yes,DSL,Yes,Yes,Yes,Yes,Yes,No,Month-to-month,Yes,Electronic check,114.91,3055.69,1
Female,0,No,Yes,28,Yes,Yes,DSL,Yes,Yes,No,Yes,No,No,Month-to-month,No,Electronic check,95.7,2483.35,1
Male,1,No,No,9,No,No phone service,Fiber optic,No,No,No,No,No,Yes,One year,Yes,Bank transfer (automatic),50.24,444.8,1
Male,0,No,No,7,Yes,Yes,Fiber optic,,No,Yes,No,No,No,Month-to-month,Yes,Mailed check,122.89,910.18,1
Female,0,Yes,Yes,24,Yes,No,DSL,Yes,No,Yes,Yes,Yes,No,Month-to-month,Yes,Electronic check,102.59,2502.61,1
Male,0,Yes,Yes,14,Yes,Yes,Fiber optic,No internet service,No internet service,No internet service,No internet service,No internet service,No internet service,One year,No,Credit card (automatic),36.9,535.3,1
Female,0,No,No,9,Yes,Yes,Fiber optic,Yes,No,Yes,No,Yes,Yes,Month-to-month,Yes,Electronic check,113.9,961.48,1
Male,1,Yes,No,10,Yes,Yes,Fiber optic,No,Yes,Yes,Yes,Yes,Yes,Month-to-month,Yes,Electronic check,122.96,1258.85,1
Male,0,Yes,No,28,Yes,Yes,DSL,No,Yes,Yes,No,Yes,Yes,Month-to-month,No,Electronic check,119.12,3217.62,1
Female,0,Yes,No,28,Yes,Yes,DSL,Yes,Yes,Yes,Yes,Yes,Yes,Month-to-month,Yes,Electronic check,166.97,4987.74,1
Female,0,Yes,No,28,Yes,Yes,DSL,Yes,Yes,Yes,Yes,Yes,Yes,Month-to-month,Yes,Bank transfer (automatic),131.88,3788.13,1
Male,1,Yes,No,12,Yes,Yes,Fiber optic,No,No,No,No,No,No,Month-to-month,No,Electronic check,112.96,1273.88,1
Male,0,No,No,26,Yes,Yes,DSL,No internet service,No internet service,No internet service,No internet service,No internet service,No internet service,One year,Yes,Electronic check,36.4,863.99,1
Female,0,Yes,Yes,22,Yes,Yes,DSL,Yes,Yes,No,Yes,Yes,No,Month-to-month,Yes,Bank transfer (automatic),108.75,2173.65,0
Female,0,Yes,Yes,18,Yes,No,DSL,No internet service,No internet service,No internet service,No internet service,No internet service,No internet service,One year,No,Electronic check,28.64,502.26,0
Female,0,Yes,No,28,Yes,Yes,DSL,Yes,Yes,No,Yes,No,No,Month-to-month,No,Electronic check,93.89,2505.81,1
Female,0,No,No,1,Yes,Yes,Fiber optic,No,No,No,No,No,No,One year,Yes,Electronic check,72.64,74.76,1
Female,0,No,Yes,1,Yes,No,Fiber optic,No internet service,No internet service,No internet service,No internet service,No internet service,No internet service,One year,No,Electronic check,29.58,29.58,1
Male,0,Yes,Yes,24,Yes,Yes,DSL,No internet service,No internet service,No internet service,No internet service,No internet service,No internet service,One year,No,Electronic check,34.73,794.51,0
Female,0,No,No,9,No,No phone service,Fiber optic,No,Yes,Yes,No,Yes,Yes,Month-to-month,Yes,Mailed check,78.52,657.1,1
Male,0,No,No,15,Yes,Yes,DSL,No,No,No,No,No,No,Month-to-month,No,Electronic check,109.11,1514.62,1
Male,0,Yes,Yes,26,Yes,Yes,DSL,Yes,Yes,Yes,Yes,No,No,Month-to-month,No,Electronic check,137.1,3824.57,0
Male,0,No,Yes,25,No,No phone service,DSL,Yes,Yes,No,Yes,No,No,One year,Yes,Bank transfer (automatic),58.87,1396.24,1
Male,0,Yes,No,28,Yes,Yes,DSL,Yes,Yes,Yes,Yes,Yes,Yes,Month-to-month,Yes,Mailed check,133.4,3848.53,1
Male,0,No,No,6,Yes,No,Fiber optic,No,No,No,Yes,No,No,One year,No,Electronic check,74.68,475.92,1
Female,0,Yes,Yes,14,Yes,Yes,Fiber optic,No,Yes,No,No,Yes,No,Month-to-month,Yes,Electronic check,128.76,1843.77,1
Male,0,No,No,1,Yes,No,Fiber optic,,No,No,No,No,No,One year,Yes,Electronic check,66.12,70.87,1
Female,0,No,No,14,Yes,No,Fiber optic,No internet service,No internet service,No internet service,No internet service,No internet service,No internet service,One year,No,Electronic check,28.35,388.36,0
Female,0,Yes,Yes,19,Yes,No,DSL,,No,Yes,Yes,No,No,Month-to-month,No,Electronic check,89.54,1856.49,0
Female,0,Yes,Yes,28,Yes,No,DSL,No internet service,No internet service,No internet service,No internet service,No internet service,No internet service,One year,No,Electronic check,28.56,741.01,0
Male,0,No,No,3,No,No phone service,Fiber optic,,Yes,Yes,No,No,No,One year,No,Credit card (automatic),57.35,158.36,1
Female,1,No,No,1,Yes,Yes,Fiber optic,No,No,Yes,No,No,No,Month-to-month,Yes,Electronic check,113.9,117.52,1
Male,0,No,No,1,Yes,Yes,Fiber optic,Yes,Yes,No,No,No,No,Month-to-month,No,Bank transfer (automatic),88.67,96.52,1
Female,0,Yes,Yes,24,Yes,No,DSL,No internet service,No internet service,No internet service,No internet service,No internet service,No internet service,One year,No,Electronic check,29.44,750.21,0
Male,0,Yes,Yes,24,Yes,No,DSL,Yes,Yes,Yes,Yes,Yes,Yes,Month-to-month,No,Bank transfer (automatic),123.1,2704.11,1
Male,0,Yes,No,28,Yes,Yes,DSL,Yes,Yes,Yes,Yes,Yes,Yes,Month-to-month,Yes,Mailed check,128.62,3442.44,1
Female,0,Yes,Yes,22,Yes,No,DSL,No,No,No,No,Yes,Yes,Month-to-month,No,Bank transfer (automatic),128.9,3079.86,1
Female,1,No,No,1,Yes,No,Fiber optic,No internet service,No internet service,No internet service,No internet service,No internet service,No internet service,One year,Yes,Electronic check,28.2,26.81,1
Female,0,Yes,Yes,28,Yes,Yes,DSL,No internet service,No internet service,No internet service,No internet service,No internet service,No internet service,One year,Yes,Electronic check,34.87,1031.26,0
Male,0,Yes,Yes,1,Yes,No,Fiber optic,Yes,Yes,No,Yes,No,No,Month-to-month,No,Electronic check,86.28,91.89,1
Female,1,No,No,6,Yes,Yes,Fiber optic,No,No,No,No,Yes,Yes,Month-to-month,Yes,Mailed check,139.42,835.76,1
Female,1,Yes,No,26,Yes,No,DSL,No internet service,No internet service,No internet service,No internet service,No internet service,No internet service,One year,Yes,Electronic check,29.07,738.64,0
Male,0,No,No,9,Yes,No,Fiber optic,No internet service,No internet service,No internet service,No internet service,No internet service,No internet service,One year,No,Electronic check,30.23,269.36,1
Male,0,Yes,Yes,6,Yes,Yes,Fiber optic,No,No,No,No,No,No,Month-to-month,Yes,Electronic check,108.6,616.02,1
Female,0,No,No,1,Yes,No,Fiber optic,No,No,No,No,No,No,One year,Yes,Electronic check,63.8,68.77,1
Male,0,Yes,Yes,28,Yes,Yes,DSL,No,Yes,No,Yes,No,No,Month-to-month,Yes,Electronic check,122.96,3408.88,1
Male,1,No,No,2,No,No phone service,Fiber optic,No,No,Yes,Yes,Yes,No,One year,No,Electronic check,65.83,141.73,1
Male,0,Yes,Yes,1,Yes,No,Fiber optic,No,No,No,No,No,No,Month-to-month,Yes,Credit card (automatic),99.32,91.49,1
Male,1,No,No,15,Yes,Yes,DSL,No,Yes,No,No,No,Yes,Month-to-month,No,Mailed check,131.51,2165.29,1
Male,0,No,No,1,Yes,No,Fiber optic,No,No,No,No,No,Yes,Month-to-month,No,Credit card (automatic),78.74,77.85,0
Male,0,Yes,Yes,15,Yes,No,DSL,Yes,No,Yes,Yes,Yes,Yes,Month-to-month,No,Electronic check,116.0,1582.65,1
Male,0,No,No,2,Yes,Yes,Fiber optic,No,Yes,Yes,No,Yes,Yes,Month-to-month,No,Bank transfer (automatic),152.68,277.15,1
Male,1,No,No,1,Yes,No,Fiber optic,No,No,No,No,No,No,One year,No,Bank transfer (automatic),65.61,68.84,1
Male,0,No,No,4,Yes,No,Fiber optic,No internet service,No internet service,No internet service,No internet service,No internet service,No internet service,One year,No,Mailed check,29.36,121.18,1
Male,1,Yes,No,4,Yes,Yes,Fiber optic,No,Yes,No,No,Yes,Yes,Month-to-month,Yes,Mailed check,146.96,623.36,1
Female,1,Yes,No,24,Yes,No,DSL,Yes,No,Yes,Yes,Yes,Yes,Month-to-month,Yes,Electronic check,115.93,2562.72,1
Female,0,Yes,Yes,1,Yes,No,Fiber optic,No,No,No,No,No,No,One year,Yes,Bank transfer (automatic),66.26,60.11,0
Male,0,No,Yes,9,Yes,No,Fiber optic,No internet service,No internet service,No internet service,No internet service,No internet service,No internet service,One year,No,Electronic check,28.71,258.83,1
Female,0,Yes,No,27,No,No phone service,DSL,Yes,No,Yes,No,Yes,Yes,Month-to-month,Yes,Electronic check,78.88,2081.88,1
Female,1,Yes,No,28,Yes,Yes,DSL,Yes,Yes,Yes,Yes,Yes,Yes,Month-to-month,Yes,Electronic check,166.24,4619.29,1
Male,0,No,No,19,Yes,Yes,DSL,No,No,No,No,No,No,Month-to-month,Yes,Credit card (automatic),108.17,2257.3,1
Male,0,Yes,Yes,1,Yes,No,Fiber optic,No internet service,No internet service,No internet service,No internet service,No internet service,No internet service,One year,No,Bank transfer (automatic),28.64,31.34,1
Female,1,Yes,No,13,Yes,No,Fiber optic,No,No,Yes,Yes,Yes,No,Month-to-month,No,Credit card (automatic),93.09,1317.23,1
Female,0,Yes,No,27,Yes,Yes,DSL,No,Yes,Yes,Yes,No,No,Month-to-month,No,Mailed check,130.79,3731.8,1
Male,1,No,No,1,No,No phone service,Fiber optic,No,No,No,No,No,No,One year,Yes,Electronic check,36.54,35.48,1
Female,0,No,No,22,No,No phone service,DSL,Yes,No,Yes,Yes,No,No,One year,Yes,Electronic check,59.6,1288.16,0
Male,0,No,No,8,Yes,Yes,Fiber optic,No,Yes,No,No,No,No,Month-to-month,Yes,Electronic check,119.41,964.76,1
Female,0,Yes,Yes,5,Yes,Yes,Fiber optic,No,Yes,No,No,No,Yes,Month-to-month,Yes,Electronic check,131.8,702.56,1
Male,0,No,No,9,Yes,No,Fiber optic,Yes,No,Yes,No,Yes,Yes,Month-to-month,Yes,Electronic check,144.93,1191.86,1
Male,0,Yes,Yes,26,Yes,Yes,DSL,Yes,No,Yes,No,Yes,Yes,Month-to-month,Yes,Electronic check,115.56,2959.07,1
Female,0,Yes,Yes,9,Yes,Yes,Fiber optic,No internet service,No internet service,No internet service,No internet service,No internet service,No internet service,One year,No,Electronic check,34.58,285.24,1
Male,0,Yes,Yes,13,Yes,No,Fiber optic,No internet service,No internet service,No internet service,No internet service,No internet service,No internet service,One year,No,Credit card (automatic),29.14,379.93,1
Female,0,Yes,No,1,Yes,No,Fiber optic,No internet service,No internet service,No internet service,No internet service,No internet service,No internet service,One year,Yes,Electronic check,29.94,32.33,0
Female,0,Yes,No,22,Yes,Yes,DSL,No,Yes,Yes,Yes,Yes,Yes,Month-to-month,Yes,Bank transfer (automatic),158.63,3687.03,1
Male,0,No,No,22,Yes,Yes,DSL,,Yes,No,No,No,No,Month-to-month,Yes,Mailed check,125.28,2606.14,1
Male,0,Yes,No,26,Yes,Yes,DSL,Yes,Yes,Yes,No,No,No,Month-to-month,Yes,Electronic check,95.84,2729.06,1
Female,0,Yes,No,17,No,No phone service,DSL,Yes,No,No,Yes,No,No,One year,No,Electronic check,49.3,866.15,0
Female,1,Yes,No,10,Yes,No,Fiber optic,,No,No,No,No,No,Month-to-month,Yes,Electronic check,109.04,983.63,1
Female,0,Yes,No,28,Yes,Yes,DSL,Yes,Yes,Yes,Yes,Yes,Yes,Month-to-month,No,Electronic check,130.64,3478.98,1
Male,0,Yes,Yes,6,Yes,No,Fiber optic,No internet service,No internet service,No internet service,No internet service,No internet service,No internet service,One year,Yes,Mailed check,28.28,161.56,0
Female,1,Yes,No,8,Yes,Yes,Fiber optic,No internet service,No internet service,No internet service,No internet service,No internet service,No internet service,One year,No,Electronic check,37.12,271.38,1
Male,0,Yes,Yes,20,No,No phone service,DSL,No,Yes,Yes,Yes,Yes,No,One year,No,Electronic check,72.79,1589.68,1
Female,0,Yes,Yes,27,Yes,No,DSL,No internet service,No internet service,No internet service,No internet service,No internet service,No internet service,One year,No,Electronic check,28.56,767.77,0
Female,0,No,No,1,Yes,No,Fiber optic,No,Yes,No,No,Yes,No,Month-to-month,Yes,Credit card (automatic),85.55,92.32,1
Female,0,Yes,Yes,8,Yes,No,Fiber optic,No,Yes,No,No,Yes,No,Month-to-month,Yes,Bank transfer (automatic),85.33,658.37,1
Male,1,Yes,No,1,Yes,Yes,Fiber optic,,No,No,No,No,No,Month-to-month,Yes,Mailed check,106.65,98.66,0
Male,0,No,No,16,Yes,Yes,DSL,No,No,No,No,Yes,No,Month-to-month,Yes,Electronic check,123.1,1959.49,1
Male,1,No,No,4,Yes,Yes,Fiber optic,No,No,Yes,No,Yes,Yes,Month-to-month,Yes,Bank transfer (automatic),144.2,532.27,1
Male,0,No,No,9,Yes,No,Fiber optic,No,No,No,No,No,Yes,Month-to-month,Yes,Bank transfer (automatic),115.78,1039.11,1
Male,0,Yes,No,16,Yes,Yes,DSL,,No,No,No,No,No,Month-to-month,No,Mailed check,81.34,1410.84,0
Female,1,No,No,2,Yes,No,Fiber optic,No,No,Yes,No,Yes,No,Month-to-month,Yes,Credit card (automatic),123.03,247.08,1
Male,0,No,No,1,Yes,No,Fiber optic,No,No,No,No,No,No,Month-to-month,Yes,Electronic check,102.37,104.76,1
Female,0,No,No,7,Yes,Yes,Fiber optic,No,No,Yes,Yes,No,Yes,Month-to-month,Yes,Credit card (automatic),137.82,898.49,1
Female,0,Yes,No,1,Yes,No,Fiber optic,Yes,Yes,No,No,No,No,Month-to-month,No,Credit card (automatic),79.32,72.08,0
Male,0,Yes,No,28,Yes,Yes,DSL,Yes,Yes,Yes,Yes,Yes,Yes,Month-to-month,Yes,Electronic check,167.91,4335.52,1
Male,0,Yes,No,12,Yes,No,Fiber optic,No,No,Yes,No,No,No,One year,Yes,Electronic check,72.5,887.14,1
Female,0,No,No,9,No,No phone service,Fiber optic,No,No,No,No,Yes,Yes,One year,Yes,Credit card (automatic),65.18,539.11,0
Male,0,No,No,4,Yes,No,Fiber optic,No,Yes,No,No,Yes,No,Month-to-month,Yes,Electronic check,88.81,346.43,1
Female,0,Yes,Yes,28,Yes,Yes,DSL,Yes,No,Yes,Yes,No,Yes,Month-to-month,No,Electronic check,145.65,4119.06,0
Female,0,Yes,No,4,No,No phone service,Fiber optic,No,No,Yes,No,Yes,Yes,One year,Yes,Credit card (automatic),72.28,282.68,1
Male,0,No,No,12,Yes,No,Fiber optic,Yes,Yes,Yes,Yes,Yes,No,Month-to-month,Yes,Electronic check,105.05,1175.81,1
Male,0,No,No,2,Yes,No,Fiber optic,No,No,No,No,Yes,No,Month-to-month,Yes,Electronic check,116.87,223.17,1
Male,1,No,No,15,Yes,Yes,DSL,No,No,No,No,Yes,Yes,Month-to-month,No,Electronic check,137.39,2237.39,1
Female,0,No,No,21,Yes,No,DSL,Yes,Yes,Yes,Yes,No,Yes,Month-to-month,No,Electronic check,144.28,3136.52,1
Male,0,No,No,4,No,No phone service,Fiber optic,No,Yes,No,Yes,No,No,One year,No,Electronic check,51.84,207.2,1
Female,0,Yes,No,16,Yes,Yes,DSL,Yes,Yes,No,Yes,No,No,Month-to-month,Yes,Electronic check,96.28,1390.35,1
Male,0,Yes,Yes,21,Yes,No,DSL,No,Yes,No,Yes,Yes,No,Month-to-month,No,Mailed check,94.25,2174.17,1
Male,0,Yes,Yes,27,Yes,No,DSL,Yes,Yes,No,Yes,Yes,Yes,Month-to-month,No,Electronic check,116.94,3265.65,1
Male,0,Yes,Yes,28,Yes,No,DSL,Yes,No,Yes,Yes,Yes,Yes,Month-to-month,Yes,Mailed check,117.16,3160.36,1
Female,0,Yes,Yes,1,Yes,No,Fiber optic,No,No,No,No,No,No,Month-to-month,No,Mailed check,102.08,109.82,1
Male,0,No,No,1,No,No phone service,Fiber optic,No,No,No,Yes,No,No,One year,No,Electronic check,43.28,41.19,1
Female,0,Yes,Yes,21,Yes,No,DSL,,No internet service,No internet service,No internet service,No internet service,No internet service,One year,Yes,Mailed check,28.78,609.7,1
Male,0,Yes,Yes,28,Yes,Yes,DSL,No,Yes,Yes,Yes,No,No,Month-to-month,No,Electronic check,131.15,3772.14,1
Female,0,Yes,Yes,20,Yes,Yes,DSL,No,No,No,Yes,No,No,Month-to-month,Yes,Electronic check,117.09,2211.16,1
Male,0,No,No,19,Yes,Yes,DSL,No,Yes,No,Yes,Yes,Yes,Month-to-month,Yes,Electronic check,154.64,3219.28,1
Female,0,No,No,12,Yes,No,Fiber optic,Yes,Yes,No,No,No,No,Month-to-month,Yes,Credit card (automatic),80.18,1009.92,0
Male,1,No,No,10,Yes,Yes,Fiber optic,No,Yes,Yes,No,Yes,Yes,Month-to-month,No,Electronic check,153.63,1554.06,1
Male,0,Yes,Yes,28,Yes,Yes,DSL,Yes,Yes,Yes,Yes,Yes,Yes,Month-to-month,Yes,Electronic check,131.37,3443.38,1
Female,0,Yes,Yes,3,Yes,No,Fiber optic,Yes,Yes,Yes,Yes,No,No,Month-to-month,No,Mailed check,94.25,257.52,0
Female,0,Yes,Yes,12,Yes,No,Fiber optic,No,Yes,Yes,Yes,Yes,Yes,Month-to-month,No,Electronic check,117.16,1355.32,1
Female,0,Yes,No,18,Yes,No,DSL,No internet service,No internet service,No internet service,No internet service,No internet service,No internet service,One year,No,Electronic check,28.49,538.79,0
Male,0,No,No,1,Yes,No,Fiber optic,No,No,No,Yes,No,No,Month-to-month,Yes,Electronic check,110.06,104.98,1
Male,0,No,No,18,Yes,No,DSL,No internet service,No internet service,No internet service,No internet service,No internet service,No internet service,One year,No,Mailed check,27.33,495.83,0
Male,0,No,No,20,Yes,Yes,DSL,Yes,No,Yes,Yes,Yes,Yes,Month-to-month,Yes,Mailed check,158.48,3314.1,1
Female,0,Yes,Yes,27,Yes,Yes,DSL,Yes,No,Yes,No,No,No,Month-to-month,No,Electronic check,122.45,3046.91,1
Male,0,No,No,18,Yes,Yes,DSL,,Yes,Yes,No,Yes,Yes,Month-to-month,Yes,Electronic check,149.49,2790.54,1
Male,0,No,No,1,Yes,No,Fiber optic,No,No,No,No,Yes,Yes,Month-to-month,Yes,Electronic check,130.36,119.72,1
Male,0,Yes,Yes,1,Yes,Yes,Fiber optic,No,No,Yes,No,Yes,Yes,Month-to-month,No,Mailed check,146.67,160.31,1
Female,0,No,No,24,Yes,Yes,DSL,No,Yes,Yes,No,Yes,Yes,Month-to-month,No,Electronic check,151.82,3635.22,1
Male,0,No,No,13,Yes,Yes,Fiber optic,No,Yes,No,No,No,No,Month-to-month,Yes,Electronic check,79.24,958.15,1
Male,0,Yes,Yes,28,Yes,Yes,DSL,No,Yes,No,No,Yes,Yes,Month-to-month,No,Electronic check,142.54,3865.31,1
Male,0,No,No,1,Yes,No,Fiber optic,No,No,No,No,No,No,One year,No,Electronic check,65.68,64.54,1
Male,0,No,No,24,Yes,Yes,DSL,No,No,Yes,No,Yes,No,Month-to-month,Yes,Electronic check,129.85,3277.32,1
Female,0,Yes,No,8,Yes,No,Fiber optic,No,No,No,No,No,No,Month-to-month,Yes,Electronic check,101.21,849.1,1
Male,0,Yes,No,12,Yes,Yes,Fiber optic,No,No,No,Yes,No,No,Month-to-month,Yes,Electronic check,114.91,1409.79,1
Male,0,Yes,Yes,5,Yes,No,Fiber optic,No,No,No,No,Yes,Yes,Month-to-month,Yes,Mailed check,93.89,432.45,1
Male,1,No,No,9,Yes,Yes,Fiber optic,No,Yes,No,No,Yes,Yes,Month-to-month,Yes,Electronic check,146.81,1229.21,1
Female,1,Yes,No,17,Yes,Yes,DSL,Yes,No,Yes,Yes,Yes,Yes,Month-to-month,Yes,Credit card (automatic),158.85,2481.04,1
Male,0,Yes,Yes,22,Yes,Yes,DSL,No,No,Yes,Yes,Yes,Yes,Month-to-month,Yes,Electronic check,149.64,3342.89,1
Female,0,No,No,28,Yes,Yes,DSL,No,Yes,Yes,Yes,Yes,Yes,Month-to-month,Yes,Bank transfer (automatic),156.67,4717.64,1
Female,0,Yes,No,1,Yes,No,Fiber optic,No,Yes,Yes,No,No,No,Month-to-month,No,Mailed check,115.56,114.03,1
Female,1,Yes,No,26,Yes,Yes,DSL,Yes,Yes,Yes,Yes,No,Yes,Month-to-month,Yes,Electronic check,152.83,3704.05,1
Female,0,No,Yes,6,Yes,No,Fiber optic,No,No,No,No,Yes,No,Month-to-month,Yes,Electronic check,117.45,712.88,1
Male,0,No,No,1,Yes,No,Fiber optic,No internet service,No internet service,No internet service,No internet service,No internet service,No internet service,One year,No,Mailed check,28.93,30.73,1
Female,0,Yes,Yes,9,Yes,No,Fiber optic,No internet service,No internet service,No internet service,No internet service,No internet service,No internet service,One year,No,Electronic check,29.58,279.09,1
Female,0,No,No,1,Yes,Yes,Fiber optic,No,No,No,Yes,Yes,Yes,Month-to-month,Yes,Credit card (automatic),146.23,157.39,1
Male,0,No,Yes,24,Yes,No,DSL,No internet service,No internet service,No internet service,No internet service,No internet service,No internet service,One year,No,Electronic check,29.0,665.08,1
Female,0,Yes,Yes,23,Yes,Yes,DSL,No,Yes,Yes,No,Yes,Yes,Month-to-month,Yes,Credit card (automatic),153.92,3323.47,1
Male,0,Yes,Yes,2,Yes,No,Fiber optic,No internet service,No internet service,No internet service,No internet service,No internet service,No internet service,One year,No,Electronic check,28.35,61.01,1
Female,1,No,No,19,Yes,Yes,DSL,Yes,Yes,Yes,Yes,No,Yes,Month-to-month,No,Mailed check,149.35,2927.07,1
Female,0,Yes,Yes,20,No,No phone service,DSL,,No,No,Yes,No,No,One year,No,Mailed check,49.59,954.3,1
Female,0,Yes,No,25,Yes,Yes,DSL,No,Yes,Yes,No,Yes,Yes,Month-to-month,Yes,Mailed check,155.88,4085.89,1
Male,0,Yes,No,24,No,No phone service,DSL,No,Yes,Yes,Yes,Yes,Yes,Month-to-month,Yes,Electronic check,87.29,2226.99,0
Male,1,Yes,No,9,Yes,No,Fiber optic,No,No,No,No,Yes,Yes,Month-to-month,Yes,Mailed check,131.15,1207.49,1
Female,0,No,No,4,Yes,No,Fiber optic,Yes,No,No,No,No,No,One year,No,Electronic check,70.4,292.18,1
Male,0,No,No,7,Yes,No,Fiber optic,No,No,No,No,Yes,No,Month-to-month,Yes,Mailed check,114.12,778.91,1
Male,1,No,No,2,Yes,No,Fiber optic,No,No,Yes,No,No,No,One year,No,Electronic check,73.01,147.15,1
Male,0,No,No,1,Yes,No,Fiber optic,No,No,No,No,No,No,One year,Yes,Bank transfer (automatic),65.47,65.79,1
Female,0,No,No,5,No,No phone service,Fiber optic,,No,No,No,No,Yes,One year,Yes,Electronic check,50.9,272.22,1
Female,1,No,No,28,Yes,Yes,DSL,No,No,Yes,No,Yes,Yes,Month-to-month,No,Bank transfer (automatic),150.87,4511.59,1
Female,0,Yes,Yes,20,Yes,No,DSL,No,No,Yes,Yes,Yes,Yes,Month-to-month,No,Bank transfer (automatic),149.42,3187.24,1
Female,1,No,No,1,Yes,Yes,Fiber optic,No,No,No,No,No,No,Month-to-month,Yes,Bank transfer (automatic),109.4,98.7,1
Male,1,Yes,No,25,Yes,No,DSL,Yes,Yes,Yes,Yes,Yes,Yes,Month-to-month,Yes,Electronic check,121.8,3196.97,1
Female,1,Yes,No,10,Yes,Yes,Fiber optic,No,No,Yes,No,Yes,Yes,Month-to-month,Yes,Electronic check,142.24,1495.99,1
Male,0,No,No,1,No,No phone service,Fiber optic,No,No,No,No,No,No,One year,No,Credit card (automatic),35.24,36.5,0
Female,1,Yes,No,4,Yes,Yes,Fiber optic,No,Yes,Yes,No,Yes,No,Month-to-month,Yes,Electronic check,142.24,598.12,1
Female,0,No,No,14,Yes,Yes,Fiber optic,No,Yes,No,No,Yes,Yes,Month-to-month,Yes,Electronic check,143.77,2150.44,1
Male,0,Yes,Yes,28,Yes,Yes,DSL,Yes,Yes,Yes,No,Yes,Yes,Month-to-month,Yes,Mailed check,159.94,4451.74,1
Female,0,Yes,No,1,Yes,No,Fiber optic,No,No,No,No,No,No,One year,Yes,Mailed check,66.84,66.87,1
Female,0,No,No,4,Yes,No,Fiber optic,No internet service,No internet service,No internet service,No internet service,No internet service,No internet service,One year,No,Electronic check,29.0,107.29,1
Male,1,Yes,No,10,No,No phone service,Fiber optic,Yes,No,No,No,No,No,One year,No,Mailed check,44.59,435.68,0
Male,0,No,No,1,Yes,No,Fiber optic,No internet service,No internet service,No internet service,No internet service,No internet service,No internet service,One year,No,Bank transfer (automatic),30.16,31.02,1
Male,0,No,Yes,3,Yes,No,Fiber optic,No,No,No,No,Yes,No,Month-to-month,No,Electronic check,80.26,254.28,1
Female,0,No,No,25,Yes,No,DSL,No,No,Yes,Yes,Yes,No,Month-to-month,Yes,Credit card (automatic),130.57,3079.63,1
Female,0,Yes,Yes,20,Yes,Yes,DSL,No,Yes,Yes,No,Yes,No,Month-to-month,Yes,Electronic check,138.76,2574.18,1
Male,1,Yes,No,9,No,No phone service,Fiber optic,No,No,Yes,Yes,No,No,One year,No,Electronic check,49.66,461.51,1
Male,0,No,No,5,Yes,No,Fiber optic,,No internet service,No internet service,No internet service,No internet service,No internet service,One year,No,Electronic check,28.42,127.94,1
Female,0,No,No,1,Yes,No,Fiber optic,Yes,No,No,No,No,No,One year,Yes,Electronic check,73.3,68.58,0
Male,0,Yes,Yes,23,Yes,Yes,DSL,No,No,Yes,Yes,No,Yes,Month-to-month,No,Credit card (automatic),136.81,2850.26,1
Female,0,No,No,1,Yes,No,Fiber optic,No internet service,No internet service,No internet service,No internet service,No internet service,No internet service,One year,No,Electronic check,28.85,26.93,1
Male,0,Yes,Yes,23,Yes,Yes,DSL,No,No,Yes,Yes,No,Yes,Month-to-month,No,Electronic check,136.81,2946.08,1
Female,0,No,Yes,10,Yes,No,Fiber optic,No,Yes,Yes,Yes,Yes,Yes,Month-to-month,Yes,Electronic check,152.9,1494.65,1
Male,0,No,Yes,28,Yes,Yes,DSL,Yes,No,Yes,No,Yes,Yes,Month-to-month,No,Electronic check,154.72,4247.53,1
Female,0,No,No,1,No,No phone service,Fiber optic,No,No,No,Yes,No,No,One year,No,Electronic check,44.3,47.62,1
Male,0,No,Yes,7,Yes,No,Fiber optic,No,No,No,No,No,No,One year,Yes,Electronic check,66.19,464.27,1
Female,1,Yes,No,28,Yes,Yes,DSL,Yes,No,No,No,No,No,Month-to-month,No,Electronic check,113.82,3329.36,1
Female,0,No,No,12,No,No phone service,Fiber optic,Yes,No,No,No,No,No,One year,No,Bank transfer (automatic),43.72,483.1,1
Male,0,No,No,1,Yes,No,Fiber optic,No internet service,No internet service,No internet service,No internet service,No internet service,No internet service,One year,No,Electronic check,28.64,27.07,1
Male,0,Yes,Yes,28,No,No phone service,DSL,Yes,Yes,Yes,Yes,No,Yes,Month-to-month,Yes,Electronic check,80.4,2342.57,1
Male,0,No,No,12,Yes,No,Fiber optic,Yes,No,Yes,No,No,No,Month-to-month,Yes,Electronic check,80.69,881.68,1
Male,1,No,No,4,Yes,Yes,Fiber optic,No,No,No,No,Yes,Yes,Month-to-month,Yes,Bank transfer (automatic),138.26,551.56,1
Female,0,Yes,Yes,22,Yes,No,DSL,Yes,Yes,No,No,No,No,Month-to-month,No,Electronic check,77.5,1738.88,1
Female,0,Yes,No,26,Yes,Yes,DSL,Yes,No,Yes,No,Yes,Yes,Month-to-month,Yes,Electronic check,152.32,4041.23,1
Male,1,Yes,No,26,Yes,Yes,DSL,Yes,No,No,No,Yes,Yes,Month-to-month,Yes,Electronic check,146.09,3435.93,1
Female,1,Yes,No,4,Yes,Yes,Fiber optic,No,Yes,Yes,No,Yes,No,Month-to-month,Yes,Credit card (automatic),142.24,548.72,1
Male,0,No,Yes,3,Yes,No,Fiber optic,No,Yes,No,No,No,No,One year,Yes,Electronic check,72.64,223.87,1
Male,0,No,No,26,Yes,Yes,DSL,Yes,Yes,Yes,Yes,Yes,Yes,Month-to-month,Yes,Bank transfer (automatic),171.61,4148.64,0
Male,0,Yes,Yes,14,Yes,No,Fiber optic,No internet service,No internet service,No internet service,No internet service,No internet service,No internet service,One year,No,Electronic check,29.14,423.9,0
Male,1,No,No,14,Yes,No,Fiber optic,No,No,Yes,Yes,Yes,Yes,Month-to-month,Yes,Electronic check,105.85,1554.79,1
Male,0,Yes,Yes,27,Yes,Yes,DSL,Yes,No,Yes,Yes,Yes,Yes,Month-to-month,No,Bank transfer (automatic),126.01,3730.23,1
Male,0,Yes,No,6,Yes,No,Fiber optic,Yes,Yes,No,No,No,No,Month-to-month,No,Electronic check,117.09,661.77,1
Female,0,Yes,Yes,24,Yes,Yes,DSL,No,No,No,No,Yes,Yes,Month-to-month,Yes,Bank transfer (automatic),102.15,2611.02,1
Female,1,Yes,No,8,Yes,Yes,Fiber optic,No,Yes,Yes,No,No,Yes,Month-to-month,No,Credit card (automatic),103.96,835.06,1
Female,0,Yes,No,7,Yes,No,Fiber optic,Yes,No,No,No,No,No,Month-to-month,Yes,Bank transfer (automatic),106.14,724.18,1
Female,0,No,No,20,Yes,Yes,DSL,No,Yes,No,No,No,No,Month-to-month,Yes,Electronic check,116.29,2150.14,1
Female,0,Yes,Yes,4,Yes,Yes,Fiber optic,No,Yes,Yes,No,No,No,Month-to-month,Yes,Bank transfer (automatic),122.52,513.16,1
Male,0,No,No,1,Yes,No,Fiber optic,No,No,No,No,No,Yes,Month-to-month,No,Electronic check,79.24,75.05,1
Female,0,Yes,No,1,Yes,No,Fiber optic,No internet service,No internet service,No internet service,No internet service,No internet service,No internet service,One year,No,Bank transfer (automatic),30.23,29.45,1
Male,0,Yes,Yes,22,Yes,Yes,DSL,No internet service,No internet service,No internet service,No internet service,No internet service,No internet service,One year,Yes,Mailed check,35.45,711.67,1
Male,0,Yes,No,21,Yes,Yes,DSL,No,Yes,No,Yes,No,Yes,Month-to-month,No,Bank transfer (automatic),141.74,3155.95,1
Male,0,Yes,No,3,Yes,No,Fiber optic,No,Yes,Yes,No,No,No,Month-to-month,Yes,Electronic check,115.86,366.11,1
Female,0,Yes,Yes,28,Yes,Yes,DSL,Yes,Yes,Yes,Yes,Yes,Yes,Month-to-month,Yes,Electronic check,129.05,3782.23,1
Male,0,No,No,6,Yes,Yes,Fiber optic,No,Yes,No,No,No,No,Month-to-month,No,Electronic check,80.18,461.78,1
Male,0,No,Yes,8,Yes,Yes,Fiber optic,Yes,No,No,No,No,No,Month-to-month,No,Bank transfer (automatic),116.51,871.21,1
Male,0,No,No,20,Yes,Yes,DSL,Yes,Yes,Yes,Yes,Yes,Yes,Month-to-month,Yes,Electronic check,129.41,2659.4,1
Female,0,Yes,Yes,13,No,No phone service,Fiber optic,Yes,No,Yes,Yes,Yes,Yes,Month-to-month,No,Electronic check,88.81,1153.64,1
Male,0,Yes,No,26,Yes,Yes,DSL,No,Yes,No,No,No,Yes,Month-to-month,Yes,Bank transfer (automatic),131.44,3197.53,0
Female,0,No,No,15,Yes,No,DSL,No,No,No,Yes,No,Yes,Month-to-month,No,Electronic check,85.98,1337.65,1
Female,0,Yes,No,1,Yes,No,Fiber optic,Yes,No,No,Yes,No,No,Month-to-month,Yes,Electronic check,116.22,127.64,1
Male,0,Yes,Yes,16,Yes,No,DSL,No internet service,No internet service,No internet service,No internet service,No internet service,No internet service,One year,No,Electronic check,30.01,503.9,1
Female,1,Yes,No,14,Yes,No,Fiber optic,No internet service,No internet service,No internet service,No internet service,No internet service,No internet service,One year,No,Electronic check,28.42,416.98,0
Female,0,Yes,Yes,24,Yes,Yes,DSL,Yes,Yes,Yes,Yes,Yes,Yes,Month-to-month,No,Electronic check,167.11,4371.85,1
Female,0,Yes,No,1,Yes,No,Fiber optic,No,No,Yes,No,Yes,Yes,Month-to-month,No,Electronic check,100.05,94.11,1
Female,0,No,No,21,Yes,No,DSL,No,No,Yes,No,Yes,Yes,Month-to-month,Yes,Electronic check,136.44,2902.8,1
Female,0,No,No,18,Yes,No,DSL,No,Yes,Yes,Yes,Yes,Yes,Month-to-month,Yes,Electronic check,151.38,2986.23,1
Male,0,Yes,No,28,Yes,Yes,DSL,Yes,Yes,Yes,No,Yes,Yes,Month-to-month,Yes,Mailed check,158.92,4151.89,1
Female,0,No,No,12,Yes,No,Fiber optic,No internet service,No internet service,No internet service,No internet service,No internet service,No internet service,One year,No,Electronic check,28.13,351.08,0
Female,1,No,No,13,No,No phone service,Fiber optic,,Yes,Yes,No,Yes,Yes,Month-to-month,Yes,Electronic check,86.2,1139.83,1
Female,0,No,Yes,3,Yes,No,Fiber optic,No internet service,No internet service,No internet service,No internet service,No internet service,No internet service,One year,No,Credit card (automatic),29.07,88.72,1
Female,0,No,No,5,Yes,No,Fiber optic,No,No,No,No,No,No,Month-to-month,Yes,Electronic check,101.72,528.71,1
Male,0,No,No,18,Yes,Yes,DSL,Yes,Yes,No,Yes,Yes,No,Month-to-month,No,Electronic check,146.09,2855.57,1
Male,0,Yes,Yes,19,No,No phone service,DSL,No,Yes,No,No,Yes,Yes,Month-to-month,Yes,Bank transfer (automatic),75.11,1507.74,0
Female,0,No,No,22,Yes,Yes,DSL,No,Yes,No,Yes,Yes,Yes,Month-to-month,Yes,Credit card (automatic),152.9,3065.19,0
Female,0,Yes,Yes,1,Yes,No,Fiber optic,No,No,No,No,Yes,No,Month-to-month,Yes,Mailed check,114.4,122.47,1
Female,0,Yes,No,27,Yes,Yes,DSL,No,Yes,Yes,No,No,No,Month-to-month,No,Mailed check,125.35,3198.67,1
Male,1,Yes,No,1,Yes,No,Fiber optic,No,No,No,No,No,No,Month-to-month,No,Bank transfer (automatic),101.64,99.14,1
Female,0,No,No,1,Yes,No,Fiber optic,No,No,No,No,No,No,One year,No,Electronic check,66.41,65.9,1
Female,1,No,No,14,Yes,Yes,Fiber optic,No,No,No,No,No,No,Month-to-month,Yes,Bank transfer (automatic),108.6,1514.59,1
Female,0,No,Yes,4,Yes,Yes,Fiber optic,No,Yes,Yes,No,Yes,Yes,Month-to-month,Yes,Electronic check,152.68,602.8,1
Male,1,No,No,28,Yes,Yes,DSL,No internet service,No internet service,No internet service,No internet service,No internet service,No internet service,One year,No,Credit card (automatic),36.83,1121.44,0
Female,0,No,No,9,Yes,No,Fiber optic,Yes,No,No,No,Yes,Yes,Month-to-month,Yes,Electronic check,137.17,1285.4,0
Male,0,No,No,14,Yes,Yes,Fiber optic,Yes,Yes,Yes,Yes,No,No,Month-to-month,Yes,Electronic check,140.29,2015.59,1
Male,0,No,No,1,Yes,No,Fiber optic,No,No,No,Yes,No,No,Month-to-month,No,Electronic check,107.3,97.64,1
Male,1,Yes,No,27,Yes,Yes,DSL,No,Yes,Yes,Yes,Yes,Yes,Month-to-month,Yes,Mailed check,159.43,4652.35,1
Male,1,No,No,22,Yes,No,DSL,No,No,Yes,Yes,No,No,Month-to-month,Yes,Electronic check,77.58,1846.51,0
Female,1,Yes,No,28,Yes,Yes,DSL,Yes,Yes,No,No,Yes,Yes,Month-to-month,Yes,Bank transfer (automatic),154.93,4581.16,0
Male,0,Yes,Yes,1,Yes,No,Fiber optic,No,No,No,No,No,Yes,Month-to-month,Yes,Bank transfer (automatic),117.52,105.93,1
Female,0,Yes,Yes,4,Yes,Yes,Fiber optic,No,Yes,Yes,No,No,No,Month-to-month,Yes,Electronic check,122.52,446.69,1
Female,0,No,No,1,Yes,No,Fiber optic,No internet service,No internet service,No internet service,No internet service,No internet service,No internet service,One year,No,Bank transfer (automatic),30.3,28.63,1
Male,1,No,No,8,Yes,No,Fiber optic,No,No,Yes,No,Yes,Yes,Month-to-month,Yes,Bank transfer (automatic),140.36,1040.09,1
Female,0,No,Yes,4,Yes,Yes,Fiber optic,No,No,No,No,Yes,No,Month-to-month,Yes,Mailed check,121.87,477.62,1
Male,1,Yes,No,28,No,No phone service,DSL,Yes,Yes,Yes,Yes,No,No,One year,No,Electronic check,67.21,2040.95,0
Female,0,No,No,22,Yes,No,DSL,No internet service,No internet service,No internet service,No internet service,No internet service,No internet service,One year,No,Electronic check,28.56,624.81,0
Female,0,No,No,5,Yes,No,Fiber optic,No,No,No,No,No,No,Month-to-month,Yes,Electronic check,101.72,459.1,1
Female,0,Yes,No,14,Yes,No,Fiber optic,No internet service,No internet service,No internet service,No internet service,No internet service,No internet service,One year,Yes,Electronic check,28.78,385.41,0
Female,1,No,No,18,Yes,Yes,DSL,No,Yes,Yes,No,Yes,Yes,Month-to-month,Yes,Credit card (automatic),151.45,2477.8,0
Male,0,No,No,1,Yes,No,Fiber optic,No,No,No,No,Yes,No,Month-to-month,Yes,Electronic check,115.93,105.18,1
Male,0,Yes,No,28,Yes,Yes,DSL,No,Yes,Yes,Yes,Yes,Yes,Month-to-month,No,Bank transfer (automatic),124.63,3333.11,0
Male,0,Yes,No,26,Yes,Yes,DSL,No,Yes,Yes,No,Yes,Yes,Month-to-month,No,Electronic check,150.94,3748.32,1
Male,0,No,No,6,Yes,Yes,Fiber optic,No,Yes,No,Yes,No,No,Month-to-month,Yes,Electronic check,84.97,539.1,1
Male,0,Yes,Yes,2,Yes,Yes,Fiber optic,Yes,Yes,No,Yes,No,No,Month-to-month,No,Bank transfer (automatic),93.38,204.5,1
Male,0,No,No,24,Yes,Yes,DSL,,Yes,Yes,Yes,No,No,Month-to-month,No,Bank transfer (automatic),100.63,2352.91,1
Female,0,No,No,28,Yes,Yes,DSL,Yes,Yes,Yes,No,Yes,Yes,Month-to-month,Yes,Electronic check,161.17,4448.58,1
Female,0,Yes,Yes,1,Yes,No,Fiber optic,No internet service,No internet service,No internet service,No internet service,No internet service,No internet service,One year,No,Electronic check,27.91,29.83,1
Male,0,Yes,Yes,9,No,No phone service,Fiber optic,No,No,No,Yes,No,No,One year,Yes,Electronic check,44.01,377.72,0
Female,0,Yes,No,28,Yes,Yes,DSL,Yes,Yes,No,No,No,Yes,Month-to-month,Yes,Electronic check,136.95,3571.07,1
Female,0,No,No,14,Yes,Yes,Fiber optic,No,No,No,Yes,Yes,Yes,Month-to-month,No,Electronic check,145.44,2179.95,1
Female,0,No,No,1,Yes,No,Fiber optic,Yes,No,No,No,No,No,One year,No,Electronic check,71.85,65.33,1
Female,1,No,No,1,Yes,No,Fiber optic,No,No,Yes,No,No,No,Month-to-month,Yes,Electronic check,109.18,111.79,1
Male,0,No,No,1,Yes,No,Fiber optic,No internet service,No internet service,No internet service,No internet service,No internet service,No internet service,One year,Yes,Mailed check,28.49,28.84,1
Male,0,Yes,No,27,Yes,No,DSL,Yes,Yes,Yes,Yes,Yes,Yes,Month-to-month,Yes,Electronic check,122.82,3213.95,1
Male,0,Yes,Yes,23,No,No phone service,DSL,Yes,Yes,Yes,No,Yes,No,One year,No,Electronic check,72.5,1605.87,0
Female,0,No,No,5,Yes,No,Fiber optic,No internet service,No internet service,No internet service,No internet service,No internet service,No internet service,One year,No,Electronic check,28.49,150.2,1
Female,0,No,No,18,Yes,No,DSL,No,Yes,Yes,Yes,Yes,Yes,Month-to-month,Yes,Mailed check,151.38,2499.45,1
Male,0,Yes,Yes,12,Yes,Yes,Fiber optic,Yes,No,Yes,Yes,No,No,Month-to-month,No,Bank transfer (automatic),129.48,1471.97,1
Female,0,No,No,6,Yes,No,Fiber optic,No internet service,No internet service,No internet service,No internet service,No internet service,No internet service,One year,No,Electronic check,29.14,182.97,1
Male,0,No,No,9,Yes,No,Fiber optic,No,No,No,Yes,No,No,One year,Yes,Bank transfer (automatic),74.1,673.34,0
Male,1,Yes,No,26,Yes,Yes,DSL,No,Yes,Yes,No,Yes,Yes,Month-to-month,Yes,Electronic check,151.31,3641.36,1
Female,0,Yes,Yes,27,No,No phone service,DSL,No,Yes,Yes,No,Yes,Yes,Month-to-month,Yes,Electronic check,79.68,2315.78,0
Female,0,Yes,No,28,Yes,Yes,DSL,,No internet service,No internet service,No internet service,No internet service,No internet service,One year,No,Electronic check,36.25,993.37,0
Female,0,No,No,11,Yes,Yes,Fiber optic,Yes,Yes,No,Yes,No,No,Month-to-month,No,Electronic check,97.8,1146.34,1
Female,0,No,No,1,Yes,Yes,Fiber optic,No,No,No,No,No,Yes,Month-to-month,Yes,Mailed check,123.9,131.03,1
Male,0,Yes,Yes,16,Yes,No,DSL,No internet service,No internet service,No internet service,No internet service,No internet service,No internet service,One year,Yes,Bank transfer (automatic),29.58,485.06,0
Male,0,Yes,Yes,28,Yes,No,DSL,No,Yes,No,Yes,Yes,Yes,Month-to-month,Yes,Electronic check,106.36,2974.79,1
Female,0,No,No,25,Yes,Yes,DSL,No,No,Yes,No,Yes,Yes,Month-to-month,Yes,Mailed check,145.07,3974.59,1
Male,1,No,No,14,Yes,Yes,Fiber optic,Yes,No,No,No,No,Yes,Month-to-month,No,Electronic check,131.95,1716.13,1
Female,0,No,No,16,Yes,No,DSL,No internet service,No internet service,No internet service,No internet service,No internet service,No internet service,One year,No,Electronic check,28.49,476.37,1
Female,0,No,No,12,Yes,No,Fiber optic,No internet service,No internet service,No internet service,No internet service,No internet service,No internet service,One year,No,Electronic check,30.3,341.14,1
Male,0,No,Yes,14,Yes,No,Fiber optic,No,No,Yes,No,Yes,No,Month-to-month,Yes,Electronic check,123.47,1672.66,1
Female,0,No,No,1,Yes,No,Fiber optic,No,Yes,No,No,Yes,Yes,Month-to-month,Yes,Electronic check,99.54,95.73,1
Female,0,Yes,Yes,3,Yes,No,Fiber optic,No internet service,No internet service,No internet service,No internet service,No internet service,No internet service,One year,No,Electronic check,28.28,92.43,1
Male,0,Yes,Yes,4,Yes,No,Fiber optic,No,No,No,No,Yes,Yes,Month-to-month,No,Electronic check,131.37,574.6,1
Female,0,Yes,No,4,Yes,Yes,Fiber optic,No,Yes,No,No,Yes,Yes,Month-to-month,Yes,Electronic check,147.9,554.09,1
Female,0,Yes,Yes,5,Yes,Yes,Fiber optic,No,Yes,No,No,No,Yes,Month-to-month,Yes,Mailed check,131.8,596.0,1
Female,0,Yes,No,28,Yes,Yes,DSL,No,Yes,Yes,No,Yes,Yes,Month-to-month,Yes,Electronic check,146.96,4295.94,1
Male,0,No,No,13,Yes,No,Fiber optic,No,Yes,No,Yes,No,No,Month-to-month,No,Credit card (automatic),116.87,1494.39,1
Female,0,No,No,4,No,No phone service,Fiber optic,No,No,No,Yes,No,No,One year,Yes,Electronic check,42.92,157.56,1
Male,1,No,No,26,Yes,Yes,DSL,Yes,No,Yes,Yes,Yes,Yes,Month-to-month,Yes,Bank transfer (automatic),160.01,4313.15,0
Female,0,No,No,1,Yes,Yes,Fiber optic,No,No,No,No,No,No,Month-to-month,No,Bank transfer (automatic),109.26,110.25,1
Female,0,Yes,Yes,26,Yes,No,DSL,No,No,No,Yes,No,No,One year,Yes,Mailed check,71.63,2041.36,0
Female,0,Yes,Yes,16,Yes,Yes,DSL,Yes,Yes,No,No,Yes,No,Month-to-month,Yes,Electronic check,136.95,2071.74,1
Male,0,No,No,6,Yes,Yes,Fiber optic,Yes,No,No,No,Yes,No,Month-to-month,Yes,Bank transfer (automatic),127.24,748.78,1
Male,0,No,No,19,Yes,No,DSL,No internet service,No internet service,No internet service,No internet service,No internet service,No internet service,One year,No,Electronic check,28.78,551.47,0
Male,0,Yes,No,22,Yes,Yes,DSL,No,No,Yes,Yes,Yes,Yes,Month-to-month,No,Electronic check,156.53,3644.56,1
Female,0,No,No,1,Yes,Yes,Fiber optic,Yes,No,No,No,No,No,Month-to-month,Yes,Electronic check,116.22,117.36,1
Male,0,Yes,Yes,24,Yes,Yes,DSL,Yes,No,Yes,No,Yes,No,Month-to-month,Yes,Electronic check,138.33,3394.88,1
Female,0,Yes,Yes,28,Yes,Yes,DSL,No internet service,No internet service,No internet service,No internet service,No internet service,No internet service,One year,No,Electronic check,34.65,917.06,1
Female,0,No,Yes,12,Yes,No,Fiber optic,No internet service,No internet service,No internet service,No internet service,No internet service,No internet service,One year,No,Credit card (automatic),29.14,373.94,0
Female,0,No,No,1,Yes,No,Fiber optic,No,No,No,No,No,No,Month-to-month,Yes,Mailed check,101.64,100.19,1
Male,0,Yes,Yes,28,Yes,Yes,DSL,Yes,Yes,Yes,Yes,Yes,Yes,Month-to-month,Yes,Electronic check,163.27,4243.29,1
Female,0,Yes,Yes,10,Yes,No,Fiber optic,No,No,No,No,Yes,Yes,Month-to-month,Yes,Credit card (automatic),131.66,1359.83,1
Male,0,No,No,14,Yes,No,Fiber optic,No internet service,No internet service,No internet service,No internet service,No internet service,No internet service,One year,Yes,Electronic check,29.29,386.78,1
Male,0,Yes,No,8,Yes,Yes,Fiber optic,Yes,No,No,Yes,Yes,No,Month-to-month,No,Credit card (automatic),139.06,1022.94,1
Male,0,Yes,Yes,2,Yes,No,Fiber optic,No internet service,No internet service,No internet service,No internet service,No internet service,No internet service,One year,No,Electronic check,28.78,61.73,0
Female,1,Yes,Yes,5,Yes,Yes,Fiber optic,No,No,No,No,Yes,Yes,Month-to-month,Yes,Electronic check,138.91,689.02,1
Female,0,Yes,No,28,Yes,Yes,DSL,Yes,Yes,Yes,Yes,Yes,Yes,Month-to-month,No,Bank transfer (automatic),162.54,4778.02,1
Male,0,Yes,No,1,Yes,No,Fiber optic,No,No,No,No,Yes,Yes,Month-to-month,Yes,Mailed check,131.59,126.08,1
Male,0,No,Yes,24,Yes,No,DSL,No internet service,No internet service,No internet service,No internet service,No internet service,No internet service,One year,No,Bank transfer (automatic),29.0,735.95,0
Female,0,No,No,4,Yes,Yes,Fiber optic,No,Yes,Yes,No,No,Yes,Month-to-month,Yes,Credit card (automatic),137.53,507.42,1
Male,0,No,No,18,Yes,Yes,DSL,No,Yes,No,No,Yes,Yes,Month-to-month,Yes,Bank transfer (automatic),146.23,2556.32,1
Female,0,Yes,Yes,13,Yes,No,Fiber optic,Yes,Yes,Yes,Yes,Yes,Yes,Month-to-month,No,Mailed check,122.89,1750.32,1
Female,1,Yes,No,8,Yes,Yes,Fiber optic,Yes,Yes,No,Yes,No,No,Month-to-month,Yes,Bank transfer (automatic),92.15,780.55,1
Male,0,Yes,Yes,15,Yes,Yes,DSL,No internet service,No internet service,No internet service,No internet service,No internet service,No internet service,One year,No,Mailed check,36.32,544.5,0
Male,0,Yes,No,11,No,No phone service,Fiber optic,No,No,No,No,Yes,No,One year,No,Electronic check,48.94,521.09,1
Female,0,Yes,Yes,18,Yes,Yes,DSL,Yes,No,Yes,Yes,No,Yes,Month-to-month,No,Bank transfer (automatic),144.49,2794.39,1
Male,1,No,No,4,Yes,No,Fiber optic,No,No,No,No,No,Yes,Month-to-month,Yes,Electronic check,114.91,463.76,1
Male,0,Yes,Yes,7,Yes,No,Fiber optic,No internet service,No internet service,No internet service,No internet service,No internet service,No internet service,One year,No,Mailed check,29.07,214.01,1
Male,0,No,No,12,Yes,Yes,Fiber optic,No,Yes,No,Yes,Yes,No,Month-to-month,Yes,Bank transfer (automatic),103.02,1299.07,1
Male,0,Yes,Yes,27,Yes,Yes,DSL,No internet service,No internet service,No internet service,No internet service,No internet service,No internet service,One year,No,Mailed check,36.83,898.54,0
Male,0,Yes,Yes,3,Yes,No,Fiber optic,,No internet service,No internet service,No internet service,No internet service,No internet service,One year,No,Mailed check,28.42,78.89,1
Male,1,Yes,No,23,Yes,Yes,DSL,Yes,Yes,Yes,No,Yes,Yes,Month-to-month,Yes,Bank transfer (automatic),157.83,3745.98,1
Male,0,No,No,10,Yes,No,Fiber optic,,No,No,No,No,No,Month-to-month,No,Electronic check,107.74,1004.49,1
Male,0,Yes,Yes,11,Yes,No,Fiber optic,No,No,Yes,No,Yes,No,Month-to-month,No,Bank transfer (automatic),123.9,1296.25,1
Female,0,Yes,Yes,21,No,No phone service,DSL,Yes,Yes,Yes,No,No,Yes,One year,Yes,Electronic check,70.61,1615.27,0
Male,1,No,No,3,Yes,No,Fiber optic,No,No,No,No,No,No,Month-to-month,Yes,Electronic check,101.43,307.95,1
Female,1,No,No,12,Yes,Yes,Fiber optic,No,Yes,No,No,Yes,Yes,Month-to-month,Yes,Electronic check,144.93,1826.37,1
Male,0,Yes,No,28,No,No phone service,DSL,No,Yes,No,No,Yes,Yes,One year,No,Electronic check,71.56,2026.91,1
Female,0,Yes,Yes,2,Yes,No,Fiber optic,No,Yes,No,No,No,Yes,Month-to-month,Yes,Electronic check,121.22,244.99,1
Female,0,Yes,Yes,4,Yes,Yes,Fiber optic,,Yes,No,No,Yes,No,Month-to-month,No,Bank transfer (automatic),101.93,374.63,1
Male,0,No,Yes,26,Yes,No,DSL,No,Yes,Yes,Yes,Yes,Yes,Month-to-month,Yes,Electronic check,115.28,2903.56,1
Male,0,Yes,Yes,24,Yes,Yes,DSL,,No,Yes,Yes,Yes,Yes,Month-to-month,Yes,Electronic check,117.45,2696.14,1
Male,0,Yes,No,17,Yes,No,DSL,Yes,Yes,No,Yes,No,No,Month-to-month,Yes,Electronic check,86.78,1443.02,1
Female,0,Yes,Yes,28,Yes,Yes,DSL,Yes,Yes,Yes,Yes,Yes,No,Month-to-month,No,Electronic check,116.29,3450.41,1
Female,0,Yes,No,18,Yes,Yes,DSL,No,No,Yes,No,Yes,Yes,Month-to-month,Yes,Mailed check,145.72,2555.78,1
Male,1,No,No,7,Yes,Yes,Fiber optic,No,No,No,No,Yes,Yes,Month-to-month,Yes,Electronic check,138.4,959.44,1
Male,0,No,No,11,No,No phone service,Fiber optic,No,No,No,Yes,No,No,One year,Yes,Electronic check,43.64,470.19,1
Female,0,Yes,No,28,Yes,No,DSL,No internet service,No internet service,No internet service,No internet service,No internet service,No internet service,One year,No,Electronic check,28.78,740.31,0
Male,0,No,No,2,No,No phone service,Fiber optic,Yes,No,Yes,No,No,No,One year,No,Electronic check,51.18,101.15,1
Female,0,Yes,Yes,4,Yes,No,Fiber optic,No internet service,No internet service,No internet service,No internet service,No internet service,No internet service,One year,Yes,Electronic check,29.0,108.94,1
Male,0,No,No,1,Yes,No,Fiber optic,Yes,No,Yes,No,Yes,Yes,Month-to-month,Yes,Electronic check,112.23,105.2,1
Female,0,No,No,1,Yes,Yes,Fiber optic,No,No,No,No,No,No,Month-to-month,No,Mailed check,110.34,101.38,1
Male,1,No,No,3,Yes,Yes,Fiber optic,No,No,Yes,No,Yes,Yes,Month-to-month,Yes,Bank transfer (automatic),145.72,424.63,1
Male,0,Yes,Yes,1,Yes,No,Fiber optic,Yes,No,No,No,Yes,Yes,Month-to-month,No,Electronic check,140.79,148.04,1
Male,1,No,No,1,Yes,No,Fiber optic,No internet service,No internet service,No internet service,No internet service,No internet service,No internet service,One year,No,Credit card (automatic),29.07,27.77,1
Female,0,No,No,1,Yes,No,Fiber optic,No,Yes,No,No,No,No,Month-to-month,No,Electronic check,107.81,103.76,1
Female,0,Yes,Yes,27,Yes,No,DSL,,No internet service,No internet service,No internet service,No internet service,No internet service,One year,Yes,Electronic check,29.51,819.51,0
Female,0,No,No,16,Yes,No,DSL,No internet service,No internet service,No internet service,No internet service,No internet service,No internet service,One year,No,Credit card (automatic),29.0,435.77,1
Female,0,Yes,Yes,2,Yes,No,Fiber optic,No internet service,No internet service,No internet service,No internet service,No internet service,No internet service,One year,No,Electronic check,29.65,64.01,1
Male,0,Yes,Yes,4,Yes,No,Fiber optic,No internet service,No internet service,No internet service,No internet service,No internet service,No internet service,One year,No,Credit card (automatic),30.52,122.57,1
Female,0,Yes,No,25,Yes,Yes,DSL,Yes,No,Yes,Yes,Yes,Yes,Month-to-month,Yes,Electronic check,123.25,3048.96,1
Female,1,No,No,10,Yes,Yes,Fiber optic,Yes,Yes,No,No,No,Yes,Month-to-month,Yes,Electronic check,137.75,1393.43,1
Female,0,Yes,Yes,5,Yes,No,Fiber optic,Yes,No,No,Yes,No,No,Month-to-month,No,Electronic check,78.52,366.38,1
Female,0,Yes,No,9,Yes,No,Fiber optic,No,No,No,Yes,Yes,No,Month-to-month,No,Mailed check,87.0,800.77,1
Male,0,No,No,4,Yes,No,Fiber optic,No internet service,No internet service,No internet service,No internet service,No internet service,No internet service,One year,Yes,Mailed check,29.0,112.82,1
Male,1,Yes,No,28,Yes,Yes,DSL,No,Yes,Yes,Yes,Yes,Yes,Month-to-month,Yes,Mailed check,159.14,4809.89,1
Male,0,Yes,No,7,Yes,No,Fiber optic,No,No,No,No,No,No,One year,Yes,Electronic check,64.31,420.36,1
Male,0,Yes,Yes,2,Yes,No,Fiber optic,No internet service,No internet service,No internet service,No internet service,No internet service,No internet service,One year,No,Electronic check,28.35,56.78,1
Female,0,Yes,No,28,No,No phone service,DSL,No,Yes,Yes,No,Yes,Yes,Month-to-month,Yes,Electronic check,78.59,2243.7,0
Female,0,No,No,26,Yes,Yes,DSL,No,Yes,Yes,No,Yes,No,Month-to-month,Yes,Electronic check,138.48,3264.47,1
Female,0,No,No,16,Yes,No,DSL,Yes,Yes,No,No,Yes,No,Month-to-month,No,Credit card (automatic),94.39,1469.07,1
Female,1,No,No,1,Yes,No,Fiber optic,No,No,No,No,Yes,Yes,Month-to-month,Yes,Electronic check,132.38,138.54,1
Male,0,Yes,Yes,6,No,No phone service,Fiber optic,Yes,No,Yes,No,Yes,No,One year,No,Bank transfer (automatic),64.45,411.48,1
Female,0,No,No,15,Yes,Yes,DSL,No internet service,No internet service,No internet service,No internet service,No internet service,No internet service,One year,Yes,Bank transfer (automatic),35.16,507.69,1
Male,0,Yes,Yes,24,Yes,Yes,DSL,Yes,Yes,Yes,Yes,Yes,Yes,Month-to-month,No,Electronic check,167.55,4261.34,1
Male,1,Yes,No,23,Yes,Yes,DSL,No,No,Yes,No,Yes,Yes,Month-to-month,Yes,Mailed check,143.12,3599.71,1
Male,0,Yes,No,14,Yes,Yes,Fiber optic,No,No,No,Yes,No,Yes,Month-to-month,Yes,Electronic check,130.28,1954.1,1
Male,1,No,No,3,Yes,No,Fiber optic,No,No,No,No,No,No,Month-to-month,Yes,Electronic check,101.06,280.0,1
Male,1,Yes,No,12,Yes,Yes,Fiber optic,No,No,No,Yes,Yes,Yes,Month-to-month,Yes,Electronic check,147.17,1850.71,1
Female,0,Yes,Yes,4,Yes,No,Fiber optic,No internet service,No internet service,No internet service,No internet service,No internet service,No internet service,One year,Yes,Electronic check,29.0,111.82,1
Male,0,No,No,1,No,No phone service,Fiber optic,No,No,No,No,No,No,One year,Yes,Electronic check,35.38,38.84,1
Female,0,Yes,No,6,Yes,Yes,Fiber optic,No,No,No,No,No,No,One year,Yes,Electronic check,74.1,443.3,1
Female,1,No,No,5,Yes,Yes,Fiber optic,Yes,No,No,No,Yes,Yes,Month-to-month,Yes,Electronic check,146.16,675.61,1
Female,0,No,No,21,Yes,Yes,DSL,No,Yes,Yes,No,Yes,No,Month-to-month,Yes,Electronic check,137.39,3015.13,1
Male,1,Yes,No,5,Yes,No,Fiber optic,No,Yes,Yes,No,Yes,Yes,Month-to-month,Yes,Mailed check,142.1,685.35,1
Male,0,No,Yes,20,Yes,Yes,DSL,No internet service,No internet service,No internet service,No internet service,No internet service,No internet service,One year,No,Bank transfer (automatic),37.12,816.21,0
Male,1,Yes,Yes,4,Yes,Yes,Fiber optic,No,No,No,No,No,No,Month-to-month,Yes,Electronic check,109.04,478.01,1
Male,0,Yes,Yes,28,Yes,Yes,DSL,No internet service,No internet service,No internet service,No internet service,No internet service,No internet service,One year,No,Electronic check,36.47,1053.05,1
Male,0,Yes,No,27,Yes,No,DSL,Yes,Yes,Yes,Yes,Yes,Yes,Month-to-month,Yes,Mailed check,122.82,3070.63,1
Male,0,No,No,20,Yes,No,DSL,Yes,Yes,Yes,Yes,No,No,Month-to-month,Yes,Electronic check,130.64,2710.45,1
Female,0,No,No,2,Yes,No,Fiber optic,No,Yes,No,No,Yes,Yes,Month-to-month,Yes,Mailed check,139.56,256.4,1
Female,0,Yes,No,27,Yes,Yes,DSL,No,Yes,Yes,Yes,No,No,Month-to-month,No,Electronic check,130.79,3198.94,1
Female,0,Yes,Yes,3,Yes,Yes,Fiber optic,No,Yes,No,No,No,No,Month-to-month,No,Electronic check,80.84,258.18,1
Male,0,No,No,1,Yes,No,Fiber optic,No internet service,No internet service,No internet service,No internet service,No internet service,No internet service,One year,No,Electronic check,29.65,27.93,1
Female,0,No,No,2,Yes,No,Fiber optic,,No,Yes,Yes,Yes,Yes,Month-to-month,Yes,Electronic check,145.58,284.12,1
Female,0,No,No,3,Yes,No,Fiber optic,No internet service,No internet service,No internet service,No internet service,No internet service,No internet service,One year,No,Mailed check,29.22,95.96,0
Female,0,Yes,Yes,17,Yes,Yes,DSL,No,No,Yes,No,Yes,Yes,Month-to-month,Yes,Electronic check,143.98,2367.79,1
Male,0,No,No,14,Yes,No,Fiber optic,No internet service,No internet service,No internet service,No internet service,No internet service,No internet service,One year,Yes,Bank transfer (automatic),26.9,361.27,0
Male,0,No,Yes,10,Yes,No,Fiber optic,No internet service,No internet service,No internet service,No internet service,No internet service,No internet service,One year,No,Bank transfer (automatic),29.87,323.68,0
Male,0,Yes,No,14,Yes,Yes,Fiber optic,No,No,No,No,No,No,Month-to-month,Yes,Electronic check,109.04,1407.72,1
Male,0,No,No,4,Yes,Yes,Fiber optic,No,No,Yes,No,No,No,Month-to-month,No,Bank transfer (automatic),77.94,327.95,1
Male,0,Yes,No,28,Yes,No,DSL,Yes,Yes,Yes,Yes,Yes,Yes,Month-to-month,No,Electronic check,122.45,3763.28,1
Male,0,Yes,No,1,Yes,No,Fiber optic,No,No,No,Yes,Yes,No,Month-to-month,Yes,Electronic check,122.96,132.83,1
Female,0,Yes,Yes,26,Yes,Yes,DSL,,Yes,Yes,Yes,Yes,Yes,Month-to-month,Yes,Mailed check,160.66,4303.87,1
Male,0,No,Yes,7,Yes,No,Fiber optic,No,No,No,No,No,No,One year,Yes,Electronic check,66.19,446.1,1
Male,1,No,No,10,Yes,Yes,Fiber optic,No,Yes,No,No,Yes,No,Month-to-month,Yes,Electronic check,128.98,1226.42,1
Female,0,Yes,Yes,9,Yes,Yes,Fiber optic,No,No,No,No,Yes,No,Month-to-month,Yes,Electronic check,121.44,1162.75,1
Male,0,No,No,6,Yes,Yes,Fiber optic,No,No,No,No,Yes,Yes,Month-to-month,Yes,Electronic check,135.36,873.86,1
Female,0,Yes,Yes,21,Yes,No,DSL,Yes,No,Yes,Yes,No,Yes,Month-to-month,No,Bank transfer (automatic),101.43,2140.87,1
Male,0,Yes,Yes,26,Yes,No,DSL,No internet service,No internet service,No internet service,No internet service,No internet service,No internet service,One year,No,Bank transfer (automatic),29.0,715.45,0
Male,0,Yes,Yes,2,Yes,No,Fiber optic,Yes,No,No,No,No,No,One year,Yes,Mailed check,71.27,131.51,1
Male,0,No,No,10,Yes,Yes,Fiber optic,No,No,No,No,Yes,Yes,Month-to-month,Yes,Mailed check,137.32,1259.82,1
Female,0,Yes,No,22,Yes,Yes,DSL,No,No,Yes,No,No,No,Month-to-month,Yes,Electronic check,112.74,2588.95,1
Male,0,Yes,Yes,10,Yes,No,Fiber optic,No,No,No,No,Yes,Yes,Month-to-month,Yes,Electronic check,131.08,1289.86,1
Male,0,No,No,1,Yes,No,Fiber optic,No,No,No,Yes,No,No,Month-to-month,Yes,Electronic check,110.06,118.98,1
Female,0,No,Yes,19,Yes,No,DSL,No internet service,No internet service,No internet service,No internet service,No internet service,No internet service,One year,No,Electronic check,29.65,590.35,0
Female,1,Yes,No,27,Yes,No,DSL,No,Yes,Yes,Yes,No,No,Month-to-month,Yes,Electronic check,87.94,2227.77,1
Male,1,Yes,No,1,No,No phone service,Fiber optic,No,No,No,No,Yes,No,One year,Yes,Credit card (automatic),52.85,54.05,0
Female,0,No,No,1,No,No phone service,Fiber optic,No,No,No,No,No,No,One year,Yes,Electronic check,35.45,34.99,1
Male,1,Yes,No,11,Yes,Yes,Fiber optic,No,Yes,No,Yes,Yes,Yes,Month-to-month,Yes,Electronic check,153.41,1713.58,1
Female,0,Yes,No,7,Yes,No,Fiber optic,No,No,No,Yes,No,No,One year,Yes,Electronic check,72.93,534.82,1
Female,0,Yes,No,27,Yes,Yes,DSL,No,No,Yes,Yes,Yes,Yes,Month-to-month,No,Mailed check,152.76,4377.1,1
Female,0,No,No,1,Yes,Yes,Fiber optic,No,No,No,No,No,No,Month-to-month,No,Mailed check,109.26,116.77,1
Female,0,No,No,26,Yes,Yes,DSL,Yes,Yes,Yes,No,Yes,No,Month-to-month,Yes,Electronic check,149.28,3690.3,1
Female,0,Yes,Yes,8,Yes,Yes,Fiber optic,No internet service,No internet service,No internet service,No internet service,No internet service,No internet service,One year,Yes,Electronic check,37.05,268.6,1
Male,0,No,No,1,Yes,No,Fiber optic,No,No,No,No,No,No,One year,Yes,Bank transfer (automatic),65.32,68.45,0
Female,0,Yes,No,8,Yes,Yes,Fiber optic,No,No,No,No,Yes,Yes,Month-to-month,Yes,Electronic check,136.73,1007.72,1
Male,0,No,No,1,Yes,No,Fiber optic,,No,No,No,No,No,Month-to-month,Yes,Electronic check,101.93,98.16,1
Female,0,Yes,Yes,20,Yes,No,DSL,No,Yes,Yes,Yes,No,No,Month-to-month,No,Mailed check,124.41,2241.28,1
Male,0,Yes,No,23,Yes,Yes,DSL,Yes,No,No,Yes,No,Yes,Month-to-month,Yes,Bank transfer (automatic),100.2,2388.34,1
Male,0,Yes,No,14,Yes,Yes,Fiber optic,Yes,No,No,No,No,No,Month-to-month,Yes,Electronic check,79.82,1043.09,0
Female,0,Yes,Yes,6,Yes,Yes,Fiber optic,No,No,Yes,No,Yes,No,Month-to-month,No,Bank transfer (automatic),127.96,791.6,1
Female,0,Yes,No,1,Yes,No,Fiber optic,No internet service,No internet service,No internet service,No internet service,No internet service,No internet service,One year,Yes,Bank transfer (automatic),28.42,31.22,1
Male,0,No,No,7,Yes,No,Fiber optic,No internet service,No internet service,No internet service,No internet service,No internet service,No internet service,One year,No,Electronic check,27.91,178.67,1
Female,0,No,No,4,Yes,No,Fiber optic,No internet service,No internet service,No internet service,No internet service,No internet service,No internet service,One year,No,Credit card (automatic),27.33,100.07,0
Male,0,Yes,No,12,Yes,Yes,Fiber optic,No,No,No,Yes,No,No,Month-to-month,Yes,Bank transfer (automatic),114.91,1334.9,1
Male,0,Yes,No,20,Yes,No,DSL,Yes,Yes,Yes,Yes,Yes,Yes,Month-to-month,Yes,Bank transfer (automatic),120.71,2591.11,0
Female,0,No,Yes,24,Yes,Yes,DSL,No internet service,No internet service,No internet service,No internet service,No internet service,No internet service,One year,No,Mailed check,37.7,853.32,1
Male,1,No,No,4,Yes,No,Fiber optic,No,Yes,Yes,Yes,No,No,Month-to-month,Yes,Electronic check,121.51,472.47,1
Female,0,Yes,No,1,Yes,No,Fiber optic,No internet service,No internet service,No internet service,No internet service,No internet service,No internet service,One year,No,Electronic check,30.23,27.62,1
Female,1,No,No,18,Yes,Yes,DSL,No,Yes,Yes,No,Yes,Yes,Month-to-month,Yes,Electronic check,151.45,2869.58,1
Female,0,Yes,Yes,13,Yes,Yes,Fiber optic,,No,Yes,No,Yes,Yes,Month-to-month,Yes,Electronic check,150.36,1918.83,1
Male,0,No,No,10,Yes,Yes,Fiber optic,Yes,Yes,No,No,No,No,Month-to-month,Yes,Electronic check,125.64,1321.54,1
Male,0,No,No,20,Yes,Yes,DSL,Yes,No,Yes,Yes,Yes,Yes,Month-to-month,Yes,Bank transfer (automatic),158.48,3425.46,1
Female,1,No,No,7,Yes,Yes,Fiber optic,No,Yes,No,Yes,Yes,Yes,Month-to-month,Yes,Bank transfer (automatic),150.22,995.34,1
Male,0,Yes,No,22,No,No phone service,DSL,,Yes,Yes,Yes,Yes,Yes,Month-to-month,Yes,Mailed check,83.38,1947.13,1
Female,1,No,No,5,Yes,Yes,Fiber optic,No,No,No,No,No,Yes,Month-to-month,Yes,Bank transfer (automatic),118.9,542.08,1
Female,0,No,No,7,Yes,No,Fiber optic,No,No,Yes,No,No,No,One year,Yes,Bank transfer (automatic),72.5,547.98,1
Female,0,No,No,18,Yes,Yes,DSL,No,Yes,No,No,Yes,No,Month-to-month,Yes,Electronic check,129.48,2400.92,1
Female,0,No,No,1,Yes,No,Fiber optic,No,No,No,No,No,No,Month-to-month,Yes,Electronic check,102.8,110.49,1
Male,1,Yes,Yes,20,Yes,Yes,DSL,No,Yes,Yes,No,No,No,Month-to-month,Yes,Electronic check,122.09,2197.71,1
Female,1,Yes,No,23,Yes,Yes,DSL,No,Yes,No,No,Yes,Yes,Month-to-month,Yes,Mailed check,141.81,3045.76,1
Female,0,Yes,No,24,Yes,No,DSL,No internet service,No internet service,No internet service,No internet service,No internet service,No internet service,One year,No,Electronic check,29.36,689.1,1
Male,0,No,No,3,Yes,No,Fiber optic,No,No,No,No,No,No,Month-to-month,No,Mailed check,102.52,300.15,1
Male,0,Yes,No,5,Yes,Yes,Fiber optic,No,Yes,Yes,No,No,No,Month-to-month,Yes,Electronic check,119.84,566.45,1
Female,1,No,No,1,Yes,Yes,Fiber optic,No,No,No,No,Yes,No,Month-to-month,Yes,Mailed check,124.05,121.11,1
Female,0,Yes,No,28,Yes,Yes,DSL,No internet service,No internet service,No internet service,No internet service,No internet service,No internet service,One year,No,Bank transfer (automatic),34.58,896.37,1
Male,1,Yes,No,28,Yes,Yes,DSL,No internet service,No internet service,No internet service,No internet service,No internet service,No internet service,One year,No,Mailed check,34.73,955.47,0
Male,0,Yes,Yes,28,Yes,No,DSL,No internet service,No internet service,No internet service,No internet service,No internet service,No internet service,One year,No,Credit card (automatic),29.8,884.86,0
